concurrency,count,command,Mean [CPU]Totl% excluding 0%,Mean [MEM]Used,sum(Disk Read + Write KB)
1,1,load,33.015625,3222866.375,17200.0
1,2,load,32.578947368421055,3217306.6315789474,15000.0
1,3,load,31.844827586206897,3248135.4482758623,13333.0
1,4,load,31.029411764705884,3219129.3529411764,12800.0
1,5,load,31.045454545454547,3205385.090909091,12615.0
1,6,load,32.644067796610166,3253909.694915254,12308.0
1,7,load,28.74074074074074,3235467.160493827,18000.0
1,8,load,33.94915254237288,3222714.375,16000.0
1,9,load,30.796875,3234597.5,13667.0
1,10,load,31.16923076923077,3234881.4153846153,16000.0
1,11,load,32.50819672131148,3252488.0655737706,0.0
1,12,load,31.03030303030303,3221830.742857143,18800.0
1,13,load,32.52238805970149,3220516.9411764704,23429.0
1,14,load,30.733333333333334,3246689.066666667,16000.0
1,15,load,31.29268292682927,3219192.481927711,16000.0
1,16,load,31.96969696969697,3231550.117647059,24858.0
1,17,load,31.907692307692308,3227102.1142857145,16000.0
1,18,load,31.62686567164179,3250814.447761194,12800.0
1,19,load,32.43333333333333,3250597.3333333335,12308.0
1,20,load,30.977011494252874,3221350.896551724,13500.0
1,21,load,32.24285714285714,3226187.789473684,16000.0
1,22,load,31.324675324675326,3221138.649350649,16800.0
1,23,load,29.014285714285716,3272732.563380282,16400.0
1,24,load,33.05797101449275,3248594.6285714284,20000.0
1,25,load,31.304347826086957,3251656.0555555555,18286.0
1,26,load,32.78125,3243443.5428571426,16000.0
1,27,load,35.0,3243773.757575758,16400.0
1,28,load,32.36764705882353,3222143.9411764704,18500.0
1,29,load,30.726190476190474,3228500.5714285714,16000.0
1,30,load,32.710144927536234,3228336.4571428574,16000.0
1,31,load,31.10810810810811,3221671.263157895,16400.0
1,32,load,28.16883116883117,3236625.3670886075,10667.0
1,33,load,29.350649350649352,3249975.4285714286,20000.0
1,34,load,29.464285714285715,3230811.9529411765,16400.0
1,35,load,32.28378378378378,3209311.05,16800.0
1,36,load,30.703125,3268965.878787879,16000.0
1,37,load,30.772151898734176,3227794.5,20000.0
1,38,load,32.38805970149254,3249803.8260869565,13667.0
1,39,load,32.224137931034484,3249612.0625,12800.0
1,40,load,31.52173913043478,3240090.742857143,16400.0
1,41,load,31.935897435897434,3234612.476190476,16000.0
1,42,load,30.0561797752809,3242231.191011236,20500.0
1,43,load,31.320987654320987,3203947.950617284,12308.0
1,44,load,31.78125,3270808.5,16000.0
1,45,load,30.726027397260275,3263946.1621621624,16000.0
1,46,load,30.67142857142857,3233331.314285714,16400.0
1,47,load,27.71875,3266062.2769230767,13333.0
1,48,load,28.864864864864863,3269771.5263157897,17200.0
1,49,load,28.353658536585368,3250225.9277108433,12800.0
1,50,load,34.03076923076923,3249484.1714285715,16000.0
1,51,load,32.166666666666664,3249999.264367816,16000.0
1,52,load,30.85135135135135,3269042.8947368423,20500.0
1,53,load,30.56338028169014,3262977.8028169014,15500.0
1,54,load,29.397435897435898,3261827.189873418,16000.0
1,55,load,33.763636363636365,3268777.5,16400.0
1,56,load,30.96969696969697,3253607.0303030303,9846.0
1,57,load,32.10294117647059,3230557.0,16833.0
1,58,load,29.62121212121212,3253489.9393939395,16000.0
1,59,load,31.629032258064516,3266115.75,24022.0
1,60,load,33.54385964912281,3266257.8245614036,19833.0
1,61,load,33.706896551724135,3261125.8412698414,16000.0
1,62,load,30.470588235294116,3256193.1014492754,16000.0
1,63,load,32.12698412698413,3270267.619047619,16333.0
1,64,load,32.24,3261414.4,13231.0
1,65,load,33.18867924528302,3292474.295081967,16000.0
1,66,load,30.469135802469136,3268044.43902439,16000.0
1,67,load,32.189655172413794,3272260.3870967743,20000.0
1,68,load,33.51724137931034,3275138.8666666667,13334.0
1,69,load,29.955223880597014,3254519.223880597,16000.0
1,70,load,32.166666666666664,3270420.3636363638,10667.0
1,71,load,29.636363636363637,3296263.515151515,20000.0
1,72,load,31.402985074626866,3266871.9444444445,16000.0
1,73,load,29.859154929577464,3268651.0985915493,16000.0
1,74,load,28.8135593220339,3289229.0169491526,16000.0
1,75,load,33.492753623188406,3247526.685714286,13333.0
1,76,load,29.88888888888889,3244805.3333333335,16000.0
1,77,load,34.01754385964912,3257863.5483870967,12800.0
1,78,load,31.652173913043477,3269106.742857143,18700.0
1,79,load,34.18032786885246,3269367.290322581,16833.0
1,80,load,30.2,3245945.35,16400.0
1,81,load,31.127906976744185,3260974.933333333,19533.0
1,82,load,31.226666666666667,3252183.3684210526,16000.0
1,83,load,31.956521739130434,3285625.013333333,16400.0
1,84,load,32.8125,3249686.1818181816,10667.0
1,85,load,31.114285714285714,3241219.5428571426,16000.0
1,86,load,33.30357142857143,3282265.37704918,16400.0
1,87,load,31.539473684210527,3271939.7922077924,16000.0
1,88,load,30.515625,3310512.0,13333.0
1,89,load,31.140625,3277453.3538461537,16000.0
1,90,load,31.229508196721312,3259237.049180328,19533.0
1,91,load,30.523809523809526,3275268.1904761903,13231.0
1,92,load,30.225352112676056,3270746.4788732394,12800.0
1,93,load,32.421052631578945,3298196.8387096776,16000.0
1,94,load,30.90909090909091,3247972.0,16000.0
1,95,load,29.6231884057971,3250814.8,19667.0
1,96,load,30.671875,3301687.3125,16000.0
1,97,load,29.132530120481928,3277277.6666666665,16000.0
1,98,load,32.140625,3279356.875,12800.0
1,99,load,30.68421052631579,3286856.153846154,16000.0
1,100,load,33.78787878787879,3243632.0,12308.0
2,1,load,31.7,3270622.1714285715,20200.0
2,2,load,31.26984126984127,3303148.75,14800.0
2,3,load,31.47457627118644,3304746.7333333334,15600.0
2,4,load,30.942857142857143,3270997.942857143,16000.0
2,5,load,31.666666666666668,3291738.9696969697,12800.0
2,6,load,30.91025641025641,3292652.769230769,16000.0
2,7,load,32.01724137931034,3298932.896551724,16000.0
2,8,load,31.806451612903224,3280053.7846153844,16800.0
2,9,load,30.514705882352942,3288049.3529411764,16000.0
2,10,load,30.514285714285716,3267891.4285714286,16000.0
2,11,load,34.90163934426229,3293893.074626866,16400.0
2,12,load,30.80597014925373,3257921.6811594204,12800.0
2,13,load,32.285714285714285,3310784.5714285714,16000.0
2,14,load,33.18571428571428,3264785.7837837837,16400.0
2,15,load,31.96969696969697,3318819.890410959,16400.0
2,16,load,33.432432432432435,3254778.6666666665,16000.0
2,17,load,29.71641791044776,3288163.223880597,16400.0
2,18,load,31.242424242424242,3270937.272727273,13667.0
2,19,load,30.4,3237343.736842105,12800.0
2,20,load,33.689655172413794,3321707.933333333,19761.0
2,21,load,31.213333333333335,3287006.3684210526,17600.0
2,22,load,31.263157894736842,3263109.3333333335,13667.0
2,23,load,30.253731343283583,3271858.5507246377,13667.0
2,24,load,32.10144927536232,3307725.1578947366,19500.0
2,25,load,30.896551724137932,3309363.186440678,23429.0
2,26,load,33.014925373134325,3280204.656716418,13200.0
2,27,load,31.391304347826086,3285886.057142857,16800.0
2,28,load,33.66101694915254,3306558.0625,16400.0
2,29,load,29.035714285714285,3285711.285714286,16400.0
2,30,load,31.323943661971832,3293346.3661971833,16800.0
2,31,load,32.1875,3314040.9375,16400.0
2,32,load,36.26315789473684,3304247.4838709678,16000.0
2,33,load,33.0,3289069.238095238,13200.0
2,34,load,31.428571428571427,3283699.267605634,16400.0
2,35,load,30.055555555555557,3305325.4444444445,16400.0
2,36,load,30.96875,3310776.123076923,16400.0
2,37,load,30.68918918918919,3336563.947368421,15472.0
2,38,load,32.42857142857143,3299013.5135135134,13667.0
2,39,load,33.529411764705884,3291159.470588235,13667.0
2,40,load,32.67741935483871,3319582.3492063493,18857.0
2,41,load,31.47826086956522,3274715.4444444445,17200.0
2,42,load,31.897058823529413,3316579.714285714,16000.0
2,43,load,31.75,3324076.5,12923.0
2,44,load,30.845070422535212,3318464.222222222,16400.0
2,45,load,32.60606060606061,3297280.7164179105,16400.0
2,46,load,31.833333333333332,3271435.0,16400.0
2,47,load,34.407407407407405,3324595.186440678,13200.0
2,48,load,30.285714285714285,3271360.153846154,16000.0
2,49,load,30.603174603174605,3316030.25,16400.0
2,50,load,30.577464788732396,3310133.0,16400.0
2,51,load,31.89855072463768,3275843.4857142856,16400.0
2,52,load,34.01538461538462,3294495.9444444445,13200.0
2,53,load,29.942857142857143,3327734.1666666665,20500.0
2,54,load,28.690140845070424,3295184.0,10667.0
2,55,load,31.046875,3319507.1875,13667.0
2,56,load,31.242857142857144,3302856.8,13667.0
2,57,load,30.71641791044776,3309659.2835820895,13231.0
2,58,load,31.797101449275363,3287407.946666667,16000.0
2,59,load,33.172413793103445,3333474.275862069,13667.0
2,60,load,30.67105263157895,3336476.35,16400.0
2,61,load,32.13846153846154,3308429.476923077,13200.0
2,62,load,32.971014492753625,3316897.4492753623,16000.0
2,63,load,30.474358974358974,3292445.487179487,16000.0
2,64,load,31.44871794871795,3277510.481012658,16400.0
2,65,load,30.830985915492956,3305111.0555555555,15600.0
2,66,load,35.640625,3314309.3714285716,15600.0
2,67,load,31.267605633802816,3309962.9444444445,24000.0
2,68,load,31.098591549295776,3326613.2266666666,15761.0
2,69,load,33.30882352941177,3302004.1764705884,13000.0
2,70,load,31.682539682539684,3325134.2352941176,15600.0
2,71,load,34.02857142857143,3296964.4266666668,19200.0
2,72,load,30.41269841269841,3362250.9206349207,16400.0
2,73,load,31.142857142857142,3322045.1428571427,16000.0
2,74,load,32.92063492063492,3308799.4375,15600.0
2,75,load,34.37735849056604,3326079.7288135593,16000.0
2,76,load,31.608695652173914,3311666.8266666667,16400.0
2,77,load,31.91044776119403,3346614.5507246377,15600.0
2,78,load,31.6125,3315912.8,13667.0
2,79,load,30.6,3337162.986666667,13000.0
2,80,load,30.5,3352821.933333333,15667.0
2,81,load,33.05128205128205,3297563.294117647,12263.0
2,82,load,31.19402985074627,3334599.6470588236,16500.0
2,83,load,31.83823529411765,3351166.756756757,15600.0
2,84,load,29.925373134328357,3323227.705882353,16000.0
2,85,load,33.11940298507463,3344936.470588235,15600.0
2,86,load,29.17142857142857,3340173.657142857,15600.0
2,87,load,31.5,3350243.4029850746,15600.0
2,88,load,30.871794871794872,3351670.5,15600.0
2,89,load,31.367816091954023,3314937.5,12400.0
2,90,load,32.47692307692308,3342482.1714285715,19429.0
2,91,load,30.241935483870968,3348867.111111111,12615.0
2,92,load,31.573529411764707,3342831.3513513515,17600.0
2,93,load,31.82089552238806,3325992.4266666668,16000.0
2,94,load,34.25,3335101.230769231,16000.0
2,95,load,30.92,3310825.3866666667,16000.0
2,96,load,33.96363636363636,3328884.2622950817,12800.0
2,97,load,30.025,3342176.296296296,16000.0
2,98,load,30.333333333333332,3309093.1707317075,16000.0
2,99,load,30.5,3316552.4155844157,22857.0
2,100,load,31.661971830985916,3324042.9444444445,12308.0
4,1,load,31.875,3343780.3125,20000.0
4,2,load,29.823529411764707,3342664.705882353,15200.0
4,3,load,30.27777777777778,3360280.3733333335,13200.0
4,4,load,31.445945945945947,3349007.5675675673,16000.0
4,5,load,31.303797468354432,3358181.0864197533,16000.0
4,6,load,33.11290322580645,3349418.5161290322,16000.0
4,7,load,33.95522388059702,3345572.3582089553,16000.0
4,8,load,32.33846153846154,3355331.3333333335,22857.0
4,9,load,30.84722222222222,3347247.7866666666,16400.0
4,10,load,32.394366197183096,3317903.0985915493,13200.0
4,11,load,32.53225806451613,3377943.4285714286,12308.0
4,12,load,32.33802816901409,3353083.267605634,16000.0
4,13,load,34.098591549295776,3330591.5844155843,16400.0
4,14,load,31.421875,3379200.1875,19500.0
4,15,load,31.833333333333332,3310364.3076923075,17200.0
4,16,load,29.18918918918919,3391246.1333333333,15600.0
4,17,load,32.103896103896105,3347787.282051282,10667.0
4,18,load,30.703125,3368596.5,20000.0
4,19,load,33.149253731343286,3379047.1764705884,15600.0
4,20,load,32.13513513513514,3324189.4545454546,13667.0
4,21,load,31.26388888888889,3348823.888888889,16400.0
4,22,load,29.19277108433735,3362105.285714286,15600.0
4,23,load,33.69565217391305,3341567.652173913,15333.0
4,24,load,31.208955223880597,3390925.9104477614,12800.0
4,25,load,33.07142857142857,3373836.2,13000.0
4,26,load,32.723684210526315,3366617.2682926827,16000.0
4,27,load,33.582089552238806,3386280.222222222,16800.0
4,28,load,31.594594594594593,3359129.6533333333,16000.0
4,29,load,31.271428571428572,3364140.1578947366,12308.0
4,30,load,31.387096774193548,3385151.35483871,16400.0
4,31,load,32.17741935483871,3376088.709677419,16400.0
4,32,load,34.359375,3349669.3333333335,16000.0
4,33,load,29.736842105263158,3353931.1794871795,16000.0
4,34,load,32.36231884057971,3388970.76056338,23472.0
4,35,load,29.86764705882353,3380805.705882353,16400.0
4,36,load,30.774647887323944,3407105.722222222,1004185.0
4,37,load,31.17391304347826,3370620.7536231885,12615.0
4,38,load,30.013513513513512,3380220.6486486485,13200.0
4,39,load,31.057971014492754,3392048.347826087,16400.0
4,40,load,33.43076923076923,3376715.0303030303,14667.0
4,41,load,31.863636363636363,3400797.4925373136,16000.0
4,42,load,34.333333333333336,3368366.9565217393,16400.0
4,43,load,32.91803278688525,3389806.303030303,20500.0
4,44,load,31.45945945945946,3377311.8378378376,16000.0
4,45,load,32.94117647058823,3362001.8630136987,11333.0
4,46,load,29.583333333333332,3371098.9176470586,16400.0
4,47,load,31.529411764705884,3383340.695652174,16000.0
4,48,load,29.26086956521739,3379376.5142857144,13667.0
4,49,load,32.08,3376654.947368421,15077.0
4,50,load,32.83561643835616,3359228.8205128205,16400.0
4,51,load,32.90909090909091,3434787.5172413792,16000.0
4,52,load,29.746666666666666,3392519.3066666666,22619.0
4,53,load,30.546875,3407089.3333333335,16000.0
4,54,load,31.586666666666666,3377746.72,16000.0
4,55,load,29.55,3391194.926829268,13667.0
4,56,load,29.01298701298701,3423587.896103896,16000.0
4,57,load,31.742857142857144,3403212.4571428574,16000.0
4,58,load,33.46666666666667,3414701.6393442624,20000.0
4,59,load,32.145161290322584,3430252.0,864000.0
4,60,load,32.421875,3406056.7384615387,16000.0
4,61,load,30.39344262295082,3435317.206349206,13334.0
4,62,load,30.825396825396826,3418360.0,16000.0
4,63,load,30.47142857142857,3433366.4,13333.0
4,64,load,31.884057971014492,3407464.0579710146,16000.0
4,65,load,31.0,3415335.8181818184,16000.0
4,66,load,31.426470588235293,3394004.294117647,16934.0
4,67,load,31.047619047619047,3418677.75,938006.0
4,68,load,31.89830508474576,3433807.1475409837,22857.0
4,69,load,31.23076923076923,3446249.4153846153,16000.0
4,70,load,30.555555555555557,3432673.015873016,16000.0
4,71,load,32.98461538461538,3416606.606060606,20000.0
4,72,load,30.80597014925373,3422320.5970149254,16000.0
4,73,load,30.62857142857143,3438152.5714285714,13200.0
4,74,load,31.14864864864865,3412653.5584415584,13231.0
4,75,load,32.442622950819676,3441005.049180328,12308.0
4,76,load,31.304347826086957,3413737.657142857,928227.0
4,77,load,34.241379310344826,3433286.779661017,20000.0
4,78,load,30.65714285714286,3434705.111111111,16000.0
4,79,load,31.304347826086957,3394443.942857143,13333.0
4,80,load,31.453125,3442176.125,12800.0
4,81,load,33.51724137931034,3451848.5625,16000.0
4,82,load,30.681818181818183,3449343.7647058824,22857.0
4,83,load,32.45945945945946,3434192.658227848,16000.0
4,84,load,33.3125,3428672.4307692307,15600.0
4,85,load,32.6140350877193,3472580.5901639345,12308.0
4,86,load,32.96825396825397,3439584.378378378,13333.0
4,87,load,31.7,3450497.0,12800.0
4,88,load,30.83076923076923,3403022.4,20000.0
4,89,load,31.583333333333332,3440571.6363636362,16000.0
4,90,load,31.561643835616437,3390649.6842105263,16000.0
4,91,load,29.863013698630137,3423196.2666666666,13667.0
4,92,load,32.985074626865675,3422349.8666666667,16000.0
4,93,load,32.34285714285714,3406876.0,15600.0
4,94,load,30.775862068965516,3462648.6896551726,15500.0
4,95,load,30.686567164179106,3436105.0588235296,16400.0
4,96,load,34.15873015873016,3440791.1746031744,20000.0
4,97,load,29.444444444444443,3461631.7560975607,16000.0
4,98,load,32.22727272727273,3429747.4545454546,16000.0
4,99,load,31.426470588235293,3422965.0588235296,22286.0
4,100,load,32.53225806451613,3414568.507936508,16000.0
8,1,load,28.402439024390244,3447978.7804878047,12800.0
8,2,load,31.863636363636363,3481618.6268656715,22857.0
8,3,load,30.64179104477612,3468482.5074626864,15600.0
8,4,load,32.65079365079365,3446519.301587302,15600.0
8,5,load,32.27272727272727,3442233.0303030303,15600.0
8,6,load,29.3768115942029,3468685.4594594594,16000.0
8,7,load,30.88,3474013.052631579,15000.0
8,8,load,32.30769230769231,3468107.076923077,15500.0
8,9,load,32.416666666666664,3484244.7671232875,19500.0
8,10,load,29.216216216216218,3432819.243243243,15600.0
8,11,load,32.67741935483871,3452382.805970149,15077.0
8,12,load,31.026666666666667,3449307.0256410255,18154.0
8,13,load,30.95,3491210.0,15600.0
8,14,load,33.96610169491525,3468289.6666666665,15600.0
8,15,load,30.21917808219178,3484218.4657534244,12400.0
8,16,load,31.734177215189874,3475562.15,21186.0
8,17,load,30.95945945945946,3488048.253164557,15600.0
8,18,load,31.02857142857143,3444222.0,15600.0
8,19,load,31.14864864864865,3502412.053333333,16800.0
8,20,load,31.261904761904763,3472630.619047619,15600.0
8,21,load,31.324324324324323,3477400.7027027025,15600.0
8,22,load,30.525,3472625.05,12400.0
8,23,load,33.89393939393939,3479360.4507042253,15600.0
8,24,load,31.803571428571427,3503897.5714285714,13000.0
8,25,load,29.524390243902438,3495075.9024390243,15600.0
8,26,load,31.691176470588236,3482942.6470588236,15600.0
8,27,load,31.323529411764707,3489764.9411764704,16000.0
8,28,load,30.36111111111111,3470910.8333333335,13000.0
8,29,load,32.4,3522492.383561644,17714.0
8,30,load,33.5,3519362.7333333334,10400.0
8,31,load,30.973333333333333,3486335.36,15600.0
8,32,load,31.32941176470588,3489249.7674418604,15600.0
8,33,load,33.85454545454545,3523682.8474576273,12000.0
8,34,load,32.24242424242424,3498360.5454545454,15600.0
8,35,load,32.134328358208954,3499911.582089552,15600.0
8,36,load,34.01538461538462,3500082.121212121,10333.0
8,37,load,31.846153846153847,3520911.104477612,12400.0
8,38,load,32.19047619047619,3503196.705882353,15200.0
8,39,load,31.207792207792206,3510702.329113924,15600.0
8,40,load,32.015151515151516,3501185.878787879,13000.0
8,41,load,32.072463768115945,3514554.5555555555,15600.0
8,42,load,31.41891891891892,3501544.3733333335,30400.0
8,43,load,33.18571428571428,3523876.32,16000.0
8,44,load,32.39344262295082,3519505.9682539683,15600.0
8,45,load,31.3625,3484852.1951219514,12000.0
8,46,load,32.14705882352941,3521618.4657534244,15600.0
8,47,load,31.037974683544302,3480236.101265823,15600.0
8,48,load,30.333333333333332,3520989.942857143,15600.0
8,49,load,32.38235294117647,3499383.5428571426,19500.0
8,50,load,31.493150684931507,3519264.1621621624,10667.0
8,51,load,31.705882352941178,3535866.0289855073,19667.0
8,52,load,32.34848484848485,3533577.552238806,15600.0
8,53,load,29.534246575342465,3536679.7260273974,16000.0
8,54,load,33.698412698412696,3510359.76119403,20229.0
8,55,load,31.828125,3541693.8125,22286.0
8,56,load,30.430555555555557,3522869.5890410957,15600.0
8,57,load,32.19718309859155,3495435.222222222,12400.0
8,58,load,30.34722222222222,3512995.5135135134,15600.0
8,59,load,32.029411764705884,3527780.588235294,13334.0
8,60,load,29.0,3564716.4864864866,13000.0
8,61,load,28.771428571428572,3587140.7887323946,15600.0
8,62,load,31.98181818181818,3576525.672727273,16000.0
8,63,load,34.68852459016394,3518760.0606060605,15600.0
8,64,load,32.35,3565882.484848485,824001.0
8,65,load,30.608695652173914,3566356.8695652173,16400.0
8,66,load,31.596774193548388,3576363.5223880596,15600.0
8,67,load,36.285714285714285,3537838.72,15600.0
8,68,load,31.066666666666666,3542003.6266666665,13000.0
8,69,load,32.984375,3538452.4923076923,17600.0
8,70,load,32.12,3558834.8780487804,15600.0
8,71,load,32.54237288135593,3568149.2881355933,12400.0
8,72,load,30.903225806451612,3553122.787878788,12000.0
8,73,load,31.483333333333334,3550498.2580645164,19500.0
8,74,load,32.46376811594203,3544596.5217391304,15600.0
8,75,load,33.10144927536232,3537156.6933333334,15600.0
8,76,load,28.31764705882353,3549911.2,15600.0
8,77,load,32.492537313432834,3557407.2352941176,22286.0
8,78,load,30.82857142857143,3574531.7714285715,10333.0
8,79,load,34.1,3560506.153846154,13000.0
8,80,load,33.96491228070175,3561575.35483871,16000.0
8,81,load,38.70454545454545,3613882.0,0.0
8,82,load,31.26388888888889,3535643.722222222,19385.0
8,83,load,30.85,3577950.3333333335,12308.0
8,84,load,30.51388888888889,3562697.5890410957,16400.0
8,85,load,31.657894736842106,3526177.210526316,13600.0
8,86,load,31.772151898734176,3574361.777777778,16400.0
8,87,load,29.945205479452056,3571382.0821917807,14334.0
8,88,load,30.428571428571427,3547283.5443037977,918376.0
8,89,load,29.5609756097561,3571481.4285714286,15600.0
8,90,load,32.014925373134325,3561916.9552238807,15600.0
8,91,load,32.12698412698413,3592067.878787879,16400.0
8,92,load,29.89156626506024,3571046.776470588,15600.0
8,93,load,33.24193548387097,3578531.462686567,19200.0
8,94,load,32.29333333333334,3550403.846153846,17000.0
8,95,load,31.62162162162162,3582739.1466666665,9846.0
8,96,load,30.760563380281692,3562650.972972973,17667.0
8,97,load,30.53409090909091,3575088.590909091,16000.0
8,98,load,32.28787878787879,3607438.0588235296,13000.0
8,99,load,30.16417910447761,3579940.231884058,17600.0
8,100,load,30.422535211267604,3589665.277777778,838702.0
1,17,start,38.0,2640444.0,14400.0
1,22,start,11.0,2650152.0,0.0
1,25,start,30.0,2630604.0,11333.0
1,30,start,22.0,2641516.0,12333.0
1,32,start,12.0,2649644.0,11000.0
1,35,start,0.0,2635196.0,11000.0
1,46,start,20.0,2650748.0,12000.0
1,48,start,22.0,2646428.0,11000.0
1,67,start,22.0,2643828.0,11667.0
1,71,start,22.0,2663464.0,11000.0
1,80,start,25.0,2670024.0,13600.0
1,85,start,19.5,2665258.0,13600.0
1,89,start,22.0,2658788.0,11000.0
2,1,start,44.0,2672840.0,16615.0
2,3,start,23.142857142857142,2766643.4,36739.0
2,4,start,41.5,2699878.0,13167.0
2,5,start,36.81818181818182,2765521.1428571427,18303.0
2,6,start,30.0,2695184.0,13333.0
2,7,start,30.0,2703416.0,14000.0
2,10,start,22.0,2701688.0,0.0
2,11,start,22.25,2763380.3636363638,17174.0
2,12,start,34.5,2739165.3333333335,3333.0
2,13,start,17.428571428571427,2769601.411764706,15833.0
2,14,start,19.428571428571427,2750893.6666666665,37309.0
2,15,start,22.176470588235293,2776006.4,17834.0
2,16,start,24.75,2759632.727272727,34800.0
2,17,start,21.533333333333335,2767213.8,33200.0
2,20,start,28.2,2768901.75,4000.0
2,21,start,30.333333333333332,2711197.3333333335,23000.0
2,22,start,27.3,2775207.789473684,22191.0
2,23,start,26.75,2773253.44,31538.0
2,24,start,23.5,2748813.0,31000.0
2,25,start,22.0,2773344.222222222,37167.0
2,26,start,18.4,2747512.3333333335,23524.0
2,27,start,32.0,2797974.8,15154.0
2,28,start,27.72222222222222,2785266.6666666665,16500.0
2,29,start,25.2,2752378.285714286,25667.0
2,30,start,21.166666666666668,2767132.285714286,16485.0
2,31,start,24.333333333333332,2787175.652173913,29459.0
2,32,start,21.2,2772630.909090909,16818.0
2,33,start,18.625,2758363.0,18800.0
2,34,start,26.5,2778158.8,19600.0
2,35,start,23.5,2740504.0,13360.0
2,36,start,30.6,2801816.1904761903,22000.0
2,37,start,36.0,2779565.0,5000.0
2,38,start,27.210526315789473,2789826.434782609,26333.0
2,39,start,28.705882352941178,2794480.0,18167.0
2,40,start,31.333333333333332,2786035.5,29501.0
2,41,start,21.5,2756720.0,31334.0
2,42,start,14.0,2727848.0,15000.0
2,43,start,26.3125,2794968.5714285714,21112.0
2,44,start,31.53846153846154,2797389.4545454546,17077.0
2,45,start,22.416666666666668,2787114.75,19373.0
2,46,start,27.77777777777778,2788253.5384615385,17167.0
2,47,start,25.0,2733780.0,7667.0
2,48,start,22.5,2784139.25,38874.0
2,49,start,27.11111111111111,2799605.6296296297,29600.0
2,51,start,26.88888888888889,2800245.7391304346,19600.0
2,52,start,31.666666666666668,2799623.6363636362,5000.0
2,53,start,23.916666666666668,2792069.0,17690.0
2,54,start,33.07692307692308,2790682.8,17318.0
2,55,start,25.785714285714285,2804919.0476190476,34333.0
2,56,start,19.125,2775792.888888889,28334.0
2,57,start,29.6,2800923.111111111,18333.0
2,58,start,29.642857142857142,2805287.6363636362,28500.0
2,59,start,23.0,2800142.5714285714,40763.0
2,60,start,19.166666666666668,2756969.777777778,38548.0
2,61,start,28.88235294117647,2800241.5,30000.0
2,62,start,28.470588235294116,2805669.3333333335,37334.0
2,63,start,23.5,2784872.0,3333.0
2,64,start,22.88888888888889,2792399.1428571427,34400.0
2,65,start,24.823529411764707,2812437.523809524,35200.0
2,66,start,19.444444444444443,2796566.4,17889.0
2,67,start,32.666666666666664,2805686.909090909,37499.0
2,68,start,26.0,2808620.1904761903,28833.0
2,69,start,34.27272727272727,2805379.619047619,25833.0
2,70,start,30.357142857142858,2798771.4545454546,40779.0
2,71,start,32.53333333333333,2804851.230769231,32871.0
2,72,start,25.941176470588236,2809855.4285714286,22596.0
2,73,start,30.647058823529413,2807652.0,31764.0
2,74,start,28.88235294117647,2806083.0,42667.0
2,75,start,25.875,2813769.904761905,18071.0
2,76,start,37.0,2748177.3333333335,29533.0
2,77,start,29.153846153846153,2808782.434782609,4000.0
2,78,start,20.125,2800427.4285714286,42985.0
2,79,start,23.428571428571427,2816050.588235294,28000.0
2,80,start,25.0,2731724.0,12000.0
2,81,start,20.166666666666668,2806806.6666666665,5000.0
2,82,start,20.0,2788732.5714285714,24739.0
2,83,start,26.0,2801279.619047619,40524.0
2,84,start,38.285714285714285,2814395.6363636362,21000.0
2,85,start,27.6,2789507.6363636362,22333.0
2,86,start,20.357142857142858,2809018.8571428573,24834.0
2,88,start,28.41176470588235,2812232.695652174,18867.0
2,89,start,21.285714285714285,2782250.8,36500.0
2,90,start,26.928571428571427,2809665.2,26500.0
2,91,start,26.9,2807691.5,40779.0
2,92,start,27.428571428571427,2808893.8,40334.0
2,93,start,21.4,2804346.285714286,32667.0
2,94,start,28.133333333333333,2828984.5454545454,19523.0
2,95,start,24.285714285714285,2804998.6666666665,17690.0
2,96,start,18.818181818181817,2819229.75,22834.0
2,97,start,28.25,2804127.4285714286,18000.0
2,98,start,22.6,2817861.0,41055.0
2,100,start,27.333333333333332,2822296.727272727,24167.0
4,1,start,34.625,2863418.1904761903,101951.0
4,2,start,36.515151515151516,2878156.0,118837.0
4,3,start,32.142857142857146,2857024.962962963,106567.0
4,4,start,36.54838709677419,2873265.3636363638,110663.0
4,5,start,34.62068965517241,2892139.3,87657.0
4,6,start,39.88461538461539,2900893.294117647,48215.0
4,7,start,39.121212121212125,2881972.31372549,132312.0
4,8,start,38.27272727272727,2881210.96,107458.0
4,9,start,37.03225806451613,2893900.0,123985.0
4,10,start,35.68,2882694.0,100355.0
4,11,start,34.15384615384615,2888538.4,93750.0
4,12,start,39.23076923076923,2902499.3513513515,39600.0
4,13,start,34.58620689655172,2908895.6842105263,85335.0
4,14,start,34.56410256410256,2878253.6140350876,124024.0
4,15,start,33.925925925925924,2874244.1142857145,92000.0
4,16,start,33.25806451612903,2904198.4444444445,96716.0
4,17,start,35.96,2865675.882352941,118023.0
4,18,start,32.16216216216216,2878516.0,133035.0
4,19,start,46.05,2919736.1052631577,49812.0
4,20,start,31.575757575757574,2918365.6585365855,97131.0
4,21,start,38.208333333333336,2885522.4,108800.0
4,22,start,42.214285714285715,2962908.2,53686.0
4,23,start,35.724137931034484,2873978.3529411764,97557.0
4,24,start,31.444444444444443,2904209.9555555554,99297.0
4,25,start,35.48275862068966,2885925.5,111571.0
4,26,start,49.40909090909091,2919142.111111111,75543.0
4,27,start,33.78787878787879,2892562.577777778,65492.0
4,28,start,38.166666666666664,2892621.52,131509.0
4,29,start,44.55,2916297.375,38641.0
4,30,start,33.25,2897995.8181818184,108226.0
4,31,start,42.851851851851855,2906256.2608695654,108698.0
4,32,start,36.26923076923077,2956701.5,37334.0
4,33,start,39.44444444444444,2887279.789473684,110505.0
4,34,start,45.608695652173914,2918758.7906976743,102403.0
4,35,start,35.75,2898700.0,116400.0
4,36,start,46.07692307692308,2901950.88,25587.0
4,37,start,36.5625,2917130.380952381,101498.0
4,38,start,39.67741935483871,2912007.829787234,98233.0
4,39,start,37.60606060606061,2924154.577777778,81026.0
4,40,start,38.074074074074076,2914343.0,82111.0
4,41,start,40.3448275862069,2921157.11627907,127800.0
4,42,start,34.54838709677419,2902001.12,118898.0
4,43,start,35.42424242424242,2935915.0,119175.0
4,44,start,42.095238095238095,2941795.5714285714,38246.0
4,45,start,37.55882352941177,2914475.92,127249.0
4,46,start,26.35,2926918.6666666665,31000.0
4,47,start,37.72,2925592.222222222,22467.0
4,48,start,32.36363636363637,2893171.489361702,117798.0
4,49,start,34.6764705882353,2918540.3720930233,109116.0
4,50,start,36.87096774193548,2926207.909090909,105411.0
4,51,start,38.92307692307692,2932180.947368421,114900.0
4,52,start,36.38709677419355,2932226.311111111,79971.0
4,53,start,32.81818181818182,2929853.1063829786,100686.0
4,54,start,38.76923076923077,2928762.5454545454,59962.0
4,55,start,38.95652173913044,2928093.4,91894.0
4,56,start,33.8235294117647,2921288.1666666665,114600.0
4,57,start,42.27272727272727,2945344.0,58360.0
4,58,start,35.964285714285715,2940955.2,47001.0
4,59,start,42.904761904761905,2917696.3333333335,112717.0
4,60,start,39.88461538461539,2933459.3333333335,112983.0
4,61,start,36.56,2987447.4444444445,52668.0
4,62,start,36.96969696969697,2936307.8260869565,114078.0
4,63,start,34.588235294117645,2935060.2666666666,100238.0
4,64,start,42.96,2996090.2,50246.0
4,65,start,38.69565217391305,2931161.5,65223.0
4,66,start,38.0,2921545.8181818184,83857.0
4,67,start,37.064516129032256,2930369.3333333335,96758.0
4,68,start,34.578947368421055,2940668.3333333335,103687.0
4,69,start,36.333333333333336,2933305.0,107000.0
4,70,start,35.97142857142857,2931928.923076923,112915.0
4,71,start,35.06060606060606,2943699.1836734693,96221.0
4,72,start,34.0,2926372.074074074,105200.0
4,73,start,38.69565217391305,2962147.2258064514,64289.0
4,74,start,46.34615384615385,2942465.7391304346,144600.0
4,75,start,48.0,2974884.933333333,54127.0
4,76,start,27.77777777777778,2980897.1,87714.0
4,77,start,34.15151515151515,2926943.4418604653,133771.0
4,78,start,37.583333333333336,2958520.484848485,29500.0
4,79,start,39.51851851851852,2947366.727272727,106094.0
4,80,start,43.28,2940830.8292682925,124533.0
4,81,start,33.333333333333336,2950963.829787234,126717.0
4,82,start,36.13333333333333,2931761.090909091,104660.0
4,83,start,50.166666666666664,3018728.7,43203.0
4,84,start,36.60606060606061,2953845.1063829786,106777.0
4,85,start,43.43478260869565,2956478.5217391304,64123.0
4,86,start,36.892857142857146,2949949.3684210526,83585.0
4,87,start,36.34782608695652,2977742.625,50215.0
4,88,start,31.82857142857143,2939936.093023256,107660.0
4,89,start,34.96969696969697,2969552.9,76381.0
4,90,start,34.294117647058826,2959773.5135135134,113672.0
4,91,start,40.625,2969874.6363636362,142409.0
4,92,start,38.892857142857146,2990607.4418604653,87592.0
4,93,start,30.666666666666668,2982067.619047619,85546.0
4,94,start,38.3125,2943942.476190476,40667.0
4,95,start,42.5,2947444.1904761903,90556.0
4,96,start,46.1764705882353,2986159.3103448274,45803.0
4,97,start,34.392857142857146,2965399.891891892,101956.0
4,98,start,35.8,2948742.6666666665,131283.0
4,99,start,43.13636363636363,2987898.888888889,60025.0
4,100,start,38.55172413793103,2964038.272727273,111276.0
8,1,start,51.46268656716418,3071942.5352112674,276022.0
8,2,start,41.64102564102564,3027875.3411764707,314233.0
8,3,start,47.0,3035630.2926829266,338400.0
8,4,start,48.23076923076923,3064324.5714285714,316819.0
8,5,start,47.298701298701296,3050733.9565217393,312505.0
8,6,start,48.851351351351354,3059241.6086956523,328467.0
8,7,start,45.285714285714285,3051724.897959184,322119.0
8,8,start,51.58571428571429,3046436.1052631577,296272.0
8,9,start,56.44927536231884,3069900.3146067415,303405.0
8,10,start,54.888888888888886,3089752.2564102565,304467.0
8,11,start,50.333333333333336,3081672.7529411763,298295.0
8,12,start,42.082191780821915,3078980.6363636362,351406.0
8,13,start,47.839506172839506,3063488.5714285714,331701.0
8,14,start,51.971830985915496,3087592.1463414636,303114.0
8,15,start,48.32203389830509,3068976.16,300911.0
8,16,start,46.23376623376623,3097244.3720930233,298145.0
8,17,start,49.87012987012987,3094815.714285714,319848.0
8,18,start,47.265625,3065276.8358208956,304623.0
8,19,start,48.53333333333333,3106177.9523809524,315276.0
8,20,start,49.94444444444444,3108716.9620253164,257802.0
8,21,start,50.74193548387097,3102753.714285714,304400.0
8,22,start,47.22784810126582,3077003.744680851,334244.0
8,23,start,49.346666666666664,3098782.75,294122.0
8,24,start,49.98717948717949,3081566.425531915,332117.0
8,25,start,50.4,3098380.8,334520.0
8,26,start,43.73076923076923,3082905.7078651683,338609.0
8,27,start,48.1578947368421,3099707.4430379746,271163.0
8,28,start,47.01190476190476,3123342.25,326628.0
8,29,start,56.15625,3123709.5890410957,312405.0
8,30,start,51.87301587301587,3110535.6363636362,288362.0
8,31,start,49.475,3156852.7529411763,297254.0
8,32,start,48.765625,3085998.8051948054,320675.0
8,33,start,46.838235294117645,3099648.098765432,345360.0
8,34,start,47.34375,3105143.4210526315,323186.0
8,35,start,48.52173913043478,3135195.6363636362,299104.0
8,36,start,46.306666666666665,3114059.717647059,293693.0
8,37,start,49.75,3103420.2352941176,297285.0
8,38,start,50.544117647058826,3108528.6315789474,319967.0
8,39,start,49.81967213114754,3129238.4736842103,270910.0
8,40,start,44.09375,3132947.8285714285,247153.0
8,41,start,52.03174603174603,3124461.8285714285,222846.0
8,42,start,46.5,3093510.845360825,338432.0
8,43,start,50.4078947368421,3164818.313253012,318708.0
8,44,start,51.60526315789474,3149890.6086956523,339929.0
8,45,start,46.14492753623188,3129383.435897436,292261.0
8,46,start,46.134328358208954,3129039.6266666665,256304.0
8,47,start,53.142857142857146,3124313.066666667,264501.0
8,48,start,50.39473684210526,3129988.6666666665,295889.0
8,49,start,48.13157894736842,3140989.7209302327,323603.0
8,50,start,47.34146341463415,3174988.6021505375,310948.0
8,51,start,52.98529411764706,3134520.782608696,281015.0
8,52,start,51.24285714285714,3137124.345679012,315200.0
8,53,start,55.03125,3147186.5454545454,307971.0
8,54,start,45.3013698630137,3163496.717948718,321415.0
8,55,start,45.90909090909091,3162667.2,290628.0
8,56,start,50.333333333333336,3137967.7701149425,333399.0
8,57,start,45.73134328358209,3137030.0,331498.0
8,58,start,44.5625,3137650.0,300677.0
8,59,start,47.950819672131146,3146960.2891566264,308356.0
8,60,start,50.57534246575342,3163863.9024390243,311506.0
8,61,start,45.7375,3142770.8041237113,313035.0
8,62,start,44.34285714285714,3138540.5057471264,337301.0
8,63,start,55.355932203389834,3161938.210526316,304070.0
8,64,start,49.04477611940298,3153836.810810811,343801.0
8,65,start,47.72222222222222,3136054.487804878,321385.0
8,66,start,49.48101265822785,3163306.1739130435,337328.0
8,67,start,52.013513513513516,3181336.894117647,336775.0
8,68,start,44.791044776119406,3143940.626506024,316289.0
8,69,start,48.5,3143596.6511627906,356609.0
8,70,start,47.986301369863014,3149365.5454545454,353864.0
8,71,start,51.36619718309859,3206336.536585366,301745.0
8,72,start,44.671052631578945,3157758.3636363638,285014.0
8,73,start,46.69230769230769,3164272.2298850575,298430.0
8,74,start,52.0,3176690.704225352,271199.0
8,75,start,50.76190476190476,3175906.084507042,249467.0
8,76,start,51.36764705882353,3159511.2195121953,298897.0
8,77,start,46.34567901234568,3165175.288888889,328006.0
8,78,start,39.04,3141087.654320988,296703.0
8,79,start,43.628571428571426,3142448.3720930233,333407.0
8,80,start,48.52054794520548,3181096.2439024393,276967.0
8,81,start,47.041666666666664,3149675.024390244,271756.0
8,82,start,49.84931506849315,3168004.904761905,339902.0
8,83,start,45.44927536231884,3165475.5555555555,315642.0
8,84,start,51.411764705882355,3171284.756756757,277667.0
8,85,start,46.795180722891565,3163222.6086956523,303757.0
8,86,start,48.810810810810814,3222703.619047619,318401.0
8,87,start,47.835443037974684,3168446.6516853934,307685.0
8,88,start,50.31944444444444,3167215.3488372094,329241.0
8,89,start,46.63414634146341,3179256.1333333333,322860.0
8,90,start,49.276315789473685,3227065.5714285714,268203.0
8,91,start,54.888888888888886,3179822.684931507,311166.0
8,92,start,45.45945945945946,3178594.6511627906,325699.0
8,93,start,52.128571428571426,3196632.9743589745,353503.0
8,94,start,46.526315789473685,3190870.16091954,336828.0
8,95,start,51.15873015873016,3195614.966292135,318779.0
8,96,start,47.85526315789474,3194843.1264367816,314449.0
8,97,start,49.077922077922075,3204758.761904762,333547.0
8,98,start,40.343283582089555,3228727.736842105,206107.0
8,99,start,47.970588235294116,3179722.9,275469.0
8,100,start,49.256410256410255,3177227.14893617,352628.0
1,1,stop,15.698795180722891,3120876.1666666665,111000.0
1,2,stop,17.35,3142102.193548387,116934.0
1,3,stop,17.984126984126984,3135893.806451613,131533.0
1,4,stop,16.22972972972973,3156947.3846153845,118800.0
1,5,stop,14.060240963855422,3137399.2083333335,99600.0
1,6,stop,19.0,3162012.0,103534.0
1,7,stop,13.132530120481928,3134675.1063829786,108400.0
1,8,stop,15.9125,3147562.193548387,116066.0
1,9,stop,17.03448275862069,3168756.0,77867.0
1,10,stop,17.012048192771083,3146757.935483871,103598.0
1,11,stop,16.296296296296298,3157765.806451613,119200.0
1,12,stop,17.317073170731707,3162894.1978021977,141099.0
1,13,stop,16.785714285714285,3168253.434782609,101701.0
1,14,stop,13.060240963855422,3149039.3191489363,46722.0
1,15,stop,15.371794871794872,3147781.8494623657,87999.0
1,16,stop,14.317073170731707,3167005.086956522,116101.0
1,17,stop,16.85542168674699,3161447.698924731,120900.0
1,18,stop,16.053333333333335,3137853.4736842103,64000.0
1,19,stop,16.2375,3148979.5268817204,45534.0
1,20,stop,17.025,3157953.5319148935,125801.0
1,21,stop,16.76829268292683,3167793.89010989,102600.0
1,22,stop,16.556818181818183,3154706.085106383,136599.0
1,23,stop,16.142857142857142,3165015.217391304,96000.0
1,24,stop,16.575,3142688.9787234045,105933.0
1,25,stop,18.45098039215686,3169692.434782609,121699.0
1,26,stop,13.180722891566266,3147177.276595745,126800.0
1,27,stop,16.3,3151022.8936170214,141001.0
1,28,stop,14.036585365853659,3160294.5531914895,104467.0
1,29,stop,16.865853658536587,3164321.361702128,83400.0
1,30,stop,13.185185185185185,3156890.193548387,82000.0
1,31,stop,16.025974025974026,3174191.3846153845,119200.0
1,32,stop,17.083333333333332,3144740.510638298,129534.0
1,33,stop,17.0126582278481,3156184.9032258065,103133.0
1,34,stop,16.46987951807229,3180722.9565217393,115566.0
1,35,stop,16.941176470588236,3147018.88172043,101467.0
1,36,stop,15.756410256410257,3169913.0322580645,116400.0
1,37,stop,14.60759493670886,3174597.5913978494,136801.0
1,38,stop,16.78048780487805,3148789.4166666665,113267.0
1,39,stop,13.341176470588236,3146792.618556701,88333.0
1,40,stop,16.025316455696203,3168791.8723404254,128800.0
1,41,stop,16.30666666666667,3185475.7802197803,9200.0
1,42,stop,16.615384615384617,3160078.193548387,104767.0
1,43,stop,14.170731707317072,3156709.234042553,124201.0
1,44,stop,17.238095238095237,3160003.3978494625,79266.0
1,45,stop,17.0,3161174.4516129033,122401.0
1,46,stop,16.166666666666668,3167497.419354839,135600.0
1,47,stop,14.433734939759036,3157555.3263157895,136600.0
1,48,stop,16.573170731707318,3166384.430107527,52867.0
1,49,stop,13.204545454545455,3145036.7916666665,109800.0
1,50,stop,15.818181818181818,3170921.1739130435,139600.0
1,51,stop,16.464285714285715,3188492.808988764,60400.0
1,52,stop,15.2875,3160253.276595745,105334.0
1,53,stop,18.381818181818183,3177770.6666666665,131401.0
1,54,stop,17.36904761904762,3167427.569892473,109000.0
1,55,stop,15.8625,3173880.8085106383,96800.0
1,56,stop,17.325301204819276,3161768.168421053,113000.0
1,57,stop,16.63855421686747,3165170.5531914895,144901.0
1,58,stop,13.353658536585366,3167134.1739130435,123698.0
1,59,stop,15.857142857142858,3184493.3913043477,107600.0
1,60,stop,17.897058823529413,3169724.301075269,132200.0
1,61,stop,13.397590361445783,3168126.212765957,113934.0
1,62,stop,16.17105263157895,3186989.1428571427,60800.0
1,63,stop,16.5,3183076.4395604394,111866.0
1,64,stop,16.951219512195124,3170420.547368421,125801.0
1,65,stop,13.35632183908046,3177466.924731183,147476.0
1,66,stop,16.333333333333332,3161431.4583333335,86400.0
1,67,stop,14.628205128205128,3160084.252631579,100201.0
1,68,stop,16.55294117647059,3175726.494623656,143599.0
1,69,stop,21.206349206349206,3285918.9677419355,46400.0
1,70,stop,14.8625,3178890.5376344086,118666.0
1,71,stop,16.575,3170546.9787234045,76699.0
1,72,stop,13.378048780487806,3183871.1739130435,45066.0
1,73,stop,16.929411764705883,3181655.1304347827,120001.0
1,74,stop,16.03846153846154,3209854.2921348317,43534.0
1,75,stop,14.0,3190040.723404255,105933.0
1,76,stop,14.121951219512194,3193786.10989011,73101.0
1,77,stop,15.779220779220779,3165357.4166666665,131600.0
1,78,stop,16.320987654320987,3159415.87628866,120334.0
1,79,stop,16.91358024691358,3186168.765957447,98933.0
1,80,stop,13.851851851851851,3186740.0434782607,36400.0
1,81,stop,13.512195121951219,3179146.4086021506,74600.0
1,82,stop,13.134146341463415,3171128.340425532,67701.0
1,83,stop,15.987012987012987,3189093.1612903224,131200.0
1,84,stop,16.22222222222222,3187635.870967742,116267.0
1,85,stop,13.457831325301205,3172397.7916666665,113800.0
1,86,stop,15.714285714285714,3192240.304347826,121200.0
1,87,stop,17.486486486486488,3179223.2688172045,78800.0
1,88,stop,14.271604938271604,3198390.177777778,46067.0
1,89,stop,16.93975903614458,3184785.806451613,99600.0
1,90,stop,15.69620253164557,3183990.212765957,141401.0
1,91,stop,16.30952380952381,3177658.510638298,133000.0
1,92,stop,13.833333333333334,3185404.1276595746,126533.0
1,93,stop,15.538461538461538,3171268.5161290322,125600.0
1,94,stop,16.858823529411765,3180059.7021276597,110600.0
1,95,stop,14.096385542168674,3190534.494623656,127301.0
1,96,stop,13.2,3176101.515789474,126133.0
1,97,stop,13.108433734939759,3186094.8210526314,138844.0
1,98,stop,15.666666666666666,3199742.064516129,56000.0
1,99,stop,14.825,3192686.4680851065,133801.0
1,100,stop,13.829268292682928,3188163.010752688,125333.0
2,1,stop,28.86046511627907,3597540.6415094337,180000.0
2,2,stop,28.363636363636363,3593435.476635514,196133.0
2,3,stop,27.988636363636363,3597239.476635514,135200.0
2,4,stop,28.318181818181817,3621760.932038835,211899.0
2,5,stop,25.74712643678161,3619966.285714286,200066.0
2,6,stop,24.03409090909091,3608934.579439252,193401.0
2,7,stop,27.692307692307693,3599989.6296296297,234101.0
2,8,stop,28.379310344827587,3619850.3619047618,126467.0
2,9,stop,27.615384615384617,3567157.027522936,199666.0
2,10,stop,28.166666666666668,3608898.4150943398,248539.0
2,11,stop,28.261363636363637,3588375.140186916,209957.0
2,12,stop,28.195402298850574,3651004.8155339807,172468.0
2,13,stop,27.945054945054945,3603558.61682243,148866.0
2,14,stop,23.988235294117647,3593819.663551402,208685.0
2,15,stop,27.875,3618229.230769231,132934.0
2,16,stop,27.382022471910112,3627677.886792453,236901.0
2,17,stop,27.55056179775281,3583176.8440366974,162000.0
2,18,stop,25.60919540229885,3627880.0776699027,149600.0
2,19,stop,25.636363636363637,3605676.9811320757,130400.0
2,20,stop,27.40909090909091,3640948.769230769,155000.0
2,21,stop,25.45054945054945,3621296.186915888,213801.0
2,22,stop,26.647727272727273,3613607.738317757,116800.0
2,23,stop,26.850574712643677,3599168.7407407407,236198.0
2,24,stop,26.55294117647059,3608393.3076923075,167733.0
2,25,stop,26.255555555555556,3590385.4545454546,196200.0
2,26,stop,26.310344827586206,3635409.5,175200.0
2,27,stop,26.72093023255814,3619331.3523809523,153200.0
2,28,stop,27.153846153846153,3612912.150943396,163726.0
2,29,stop,28.204545454545453,3652329.269230769,149600.0
2,30,stop,28.402298850574713,3625293.8285714285,237599.0
2,31,stop,24.333333333333332,3643062.933333333,152400.0
2,32,stop,27.488888888888887,3631885.1153846155,162000.0
2,33,stop,25.436781609195403,3644852.423076923,122000.0
2,34,stop,24.454545454545453,3627149.2075471696,228166.0
2,35,stop,23.988888888888887,3618352.14953271,240501.0
2,36,stop,26.838709677419356,3624683.4128440367,166400.0
2,37,stop,26.95402298850575,3627581.576923077,130400.0
2,38,stop,26.40449438202247,3611178.814814815,195733.0
2,39,stop,26.382022471910112,3621298.5185185187,142800.0
2,40,stop,25.725274725274726,3557718.191304348,158000.0
2,41,stop,26.8,3648933.68627451,180400.0
2,42,stop,25.670454545454547,3621516.859813084,214601.0
2,43,stop,25.910112359550563,3617044.7339449544,123200.0
2,44,stop,25.897727272727273,3643776.4150943398,154933.0
2,45,stop,27.752808988764045,3655909.4368932038,167334.0
2,46,stop,24.125,3621743.777777778,148400.0
2,47,stop,25.732558139534884,3653911.572815534,161567.0
2,48,stop,27.58888888888889,3617246.222222222,192467.0
2,49,stop,27.636363636363637,3672855.801980198,123600.0
2,50,stop,27.666666666666668,3641617.8113207547,170600.0
2,51,stop,24.344827586206897,3648617.825242718,131600.0
2,52,stop,27.45977011494253,3655182.0970873786,170400.0
2,53,stop,26.55056179775281,3638116.6095238095,187901.0
2,54,stop,25.193181818181817,3615713.777777778,169600.0
2,55,stop,26.359550561797754,3630754.185185185,205001.0
2,56,stop,25.835164835164836,3657546.5384615385,121600.0
2,57,stop,26.795454545454547,3656737.923076923,145198.0
2,58,stop,25.93103448275862,3673969.882352941,117200.0
2,59,stop,26.224719101123597,3643740.452830189,114000.0
2,60,stop,26.06896551724138,3624360.186915888,172400.0
2,61,stop,25.58139534883721,3656687.769230769,181208.0
2,62,stop,24.03488372093023,3637455.0943396227,122791.0
2,63,stop,23.897727272727273,3627736.6972477064,206863.0
2,64,stop,27.144444444444446,3655036.230769231,176400.0
2,65,stop,27.53409090909091,3649780.380952381,156400.0
2,66,stop,24.636363636363637,3648086.867924528,231198.0
2,67,stop,26.96590909090909,3631465.5327102803,152000.0
2,68,stop,25.60919540229885,3651972.8076923075,147600.0
2,69,stop,26.079545454545453,3660867.3904761905,132100.0
2,70,stop,25.8876404494382,3649136.076923077,172000.0
2,71,stop,27.797752808988765,3652273.849056604,141333.0
2,72,stop,23.93103448275862,3667032.0776699027,107538.0
2,73,stop,27.292134831460675,3672276.653846154,164000.0
2,74,stop,25.40909090909091,3621879.889908257,201831.0
2,75,stop,25.02247191011236,3641194.0186915887,159598.0
2,76,stop,25.147727272727273,3634264.7407407407,193901.0
2,77,stop,27.370786516853933,3605968.6785714286,130800.0
2,78,stop,25.348314606741575,3612931.779816514,144600.0
2,79,stop,26.367816091954023,3667899.0291262134,163600.0
2,80,stop,25.089887640449437,3668075.339805825,233799.0
2,81,stop,25.977272727272727,3638823.7407407407,149600.0
2,82,stop,26.735632183908045,3670446.156862745,188798.0
2,83,stop,25.953488372093023,3675500.0392156863,125200.0
2,84,stop,26.280898876404493,3674445.923076923,141600.0
2,85,stop,26.0,3591035.7876106193,178800.0
2,86,stop,28.181818181818183,3665158.933333333,195224.0
2,87,stop,27.703296703296704,3623428.703703704,201205.0
2,88,stop,28.160919540229884,3674450.423076923,141200.0
2,89,stop,25.348314606741575,3661460.0754716983,150800.0
2,90,stop,26.71264367816092,3595380.285714286,196332.0
2,91,stop,25.563218390804597,3650752.6355140186,201399.0
2,92,stop,26.069767441860463,3673992.5490196077,119600.0
2,93,stop,25.943181818181817,3641495.0,176400.0
2,94,stop,27.88888888888889,3639158.3925233646,128579.0
2,95,stop,27.852272727272727,3638052.5137614678,117800.0
2,96,stop,28.022222222222222,3663947.886792453,150800.0
2,97,stop,25.348314606741575,3633890.23853211,175999.0
2,98,stop,27.068181818181817,3645327.5555555555,194933.0
2,99,stop,27.441860465116278,3675779.6153846155,161467.0
2,100,stop,25.942528735632184,3674442.4905660376,121999.0
4,1,stop,24.791666666666668,4218364.592592592,288946.0
4,2,stop,26.367346938775512,4233926.556390977,304397.0
4,3,stop,26.25263157894737,4206550.569343066,278400.0
4,4,stop,27.926315789473684,4239179.044776119,280798.0
4,5,stop,26.231578947368423,4261890.030769231,269938.0
4,6,stop,25.74736842105263,4168984.201438849,285199.0
4,7,stop,25.707070707070706,4237009.432835821,278400.0
4,8,stop,27.752475247524753,4242159.134328358,310041.0
4,9,stop,25.835051546391753,4245007.552238806,300800.0
4,10,stop,25.894736842105264,4272418.553846153,267600.0
4,11,stop,25.571428571428573,4217534.919708029,306800.0
4,12,stop,27.806451612903224,4312436.65625,295599.0
4,13,stop,24.6875,4226128.02962963,301197.0
4,14,stop,26.24742268041237,4256095.3185185185,298800.0
4,15,stop,25.68041237113402,4226610.823529412,286000.0
4,16,stop,25.74736842105263,4284679.876923077,268800.0
4,17,stop,25.969072164948454,4282259.6946564885,317200.0
4,18,stop,25.520408163265305,4207910.820143885,294400.0
4,19,stop,28.020408163265305,4221440.31884058,296767.0
4,20,stop,24.56989247311828,4299085.876923077,287722.0
4,21,stop,25.916666666666668,4308617.6,275200.0
4,22,stop,26.157894736842106,4313382.870229008,279200.0
4,23,stop,25.804123711340207,4285921.636363637,259600.0
4,24,stop,25.242105263157896,4299988.527131783,296400.0
4,25,stop,24.557894736842105,4250852.414814815,293900.0
4,26,stop,26.24,4274615.044776119,277200.0
4,27,stop,26.159574468085108,4307845.395348838,296800.0
4,28,stop,24.364583333333332,4286302.687022901,276400.0
4,29,stop,25.95876288659794,4220011.449275362,294800.0
4,30,stop,25.383838383838384,4251973.323529412,295600.0
4,31,stop,28.56122448979592,4338495.25,317333.0
4,32,stop,27.263157894736842,4310134.830769231,296400.0
4,33,stop,25.181818181818183,4224497.372262774,286600.0
4,34,stop,27.536082474226806,4281242.454545454,291876.0
4,35,stop,26.895833333333332,4268462.285714285,303197.0
4,36,stop,24.3265306122449,4288994.766917293,284900.0
4,37,stop,26.96842105263158,4299149.333333333,308000.0
4,38,stop,25.92929292929293,4257866.3357664235,343333.0
4,39,stop,25.302083333333332,4273377.022556391,302533.0
4,40,stop,26.21212121212121,4211965.44680851,305200.0
4,41,stop,26.857142857142858,4197375.633802817,296400.0
4,42,stop,25.98936170212766,4348810.866141732,288799.0
4,43,stop,26.946236559139784,4283487.69924812,299198.0
4,44,stop,25.708333333333332,4327335.847328245,267000.0
4,45,stop,27.927083333333332,4302227.664122137,304800.0
4,46,stop,26.61855670103093,4235572.782608695,292800.0
4,47,stop,25.917525773195877,4290098.548148148,284798.0
4,48,stop,28.78125,4221446.628571428,307100.0
4,49,stop,26.260416666666668,4331148.549618321,296400.0
4,50,stop,27.185567010309278,4281088.562962963,301399.0
4,51,stop,27.989690721649485,4247811.294117647,285257.0
4,52,stop,26.24468085106383,4299417.557251909,298800.0
4,53,stop,27.2020202020202,4266954.394160584,300400.0
4,54,stop,28.385416666666668,4362364.837209302,284800.0
4,55,stop,26.520833333333332,4262983.323529412,283600.0
4,56,stop,26.632653061224488,4283334.281481481,308800.0
4,57,stop,27.835051546391753,4265142.510948905,273099.0
4,58,stop,26.3125,4285482.090909091,295600.0
4,59,stop,26.176470588235293,4223906.171428571,286067.0
4,60,stop,26.43010752688172,4333938.449612403,274633.0
4,61,stop,25.928571428571427,4291805.511111111,307499.0
4,62,stop,27.75,4323485.160305344,306800.0
4,63,stop,25.127659574468087,4287076.60150376,291066.0
4,64,stop,25.755102040816325,4272134.264705882,288000.0
4,65,stop,24.86315789473684,4280927.701492538,275800.0
4,66,stop,26.583333333333332,4335098.307692308,276868.0
4,67,stop,24.551020408163264,4208308.643356644,296367.0
4,68,stop,26.244897959183675,4234457.802816901,299600.0
4,69,stop,26.126315789473683,4357438.9147286825,305333.0
4,70,stop,24.646464646464647,4247178.964028777,321733.0
4,71,stop,28.15463917525773,4313391.606060606,311657.0
4,72,stop,26.885416666666668,4322958.212121212,302933.0
4,73,stop,25.9468085106383,4370240.913385827,273100.0
4,74,stop,23.90909090909091,4182629.611111111,323730.0
4,75,stop,27.36842105263158,4356362.338461539,272400.0
4,76,stop,28.197916666666668,4295655.2835820895,305500.0
4,77,stop,27.053763440860216,4350474.839694656,282799.0
4,78,stop,28.138297872340427,4353777.907692308,274299.0
4,79,stop,26.448979591836736,4289016.233576642,285200.0
4,80,stop,26.836734693877553,4282690.84057971,281600.0
4,81,stop,27.802083333333332,4297387.705882353,264000.0
4,82,stop,27.989795918367346,4351028.092307692,292333.0
4,83,stop,26.46938775510204,4280152.666666667,304400.0
4,84,stop,27.739583333333332,4327194.787878788,288400.0
4,85,stop,28.416666666666668,4262176.312056738,282647.0
4,86,stop,25.1,4191470.4827586208,293999.0
4,87,stop,26.848484848484848,4276504.5,278799.0
4,88,stop,26.268817204301076,4300781.244444445,276129.0
4,89,stop,26.08421052631579,4337177.801526718,314000.0
4,90,stop,27.697916666666668,4274021.884057971,294800.0
4,91,stop,28.774193548387096,4374291.78125,296000.0
4,92,stop,25.894736842105264,4385198.0625,298400.0
4,93,stop,25.225806451612904,4361779.2,278400.0
4,94,stop,25.75257731958763,4358281.61832061,290800.0
4,95,stop,28.03157894736842,4249039.057142857,285600.0
4,96,stop,26.821052631578947,4301112.794117647,365433.0
4,97,stop,27.52577319587629,4284400.579710145,289600.0
4,98,stop,24.642105263157895,4361268.393939394,324400.0
4,99,stop,26.76595744680851,4344804.242424242,306400.0
4,100,stop,27.8125,4358853.454545454,293200.0
8,1,stop,26.82758620689655,4302138.785340314,546400.0
8,2,stop,26.767857142857142,4303116.978723404,559200.0
8,3,stop,28.136752136752136,4304020.085106383,512800.0
8,4,stop,25.313432835820894,4222908.692307692,509999.0
8,5,stop,26.194915254237287,4358766.387096774,522000.0
8,6,stop,26.917355371900825,4304491.709844559,527200.0
8,7,stop,26.767241379310345,4389314.989010989,511200.0
8,8,stop,28.591304347826085,4301571.591836735,546800.0
8,9,stop,28.539823008849556,4404524.725274725,527200.0
8,10,stop,25.88695652173913,4389200.245810056,557629.0
8,11,stop,27.080357142857142,4422521.767955801,544799.0
8,12,stop,29.181818181818183,4512915.546391753,600479.0
8,13,stop,26.396551724137932,4269256.537313432,546400.0
8,14,stop,27.436363636363637,4374681.145945946,530900.0
8,15,stop,26.763157894736842,4321526.366492147,528000.0
8,16,stop,26.563636363636363,4391418.304347826,562966.0
8,17,stop,27.93103448275862,4331235.936507937,550000.0
8,18,stop,29.025641025641026,4253085.830845771,551691.0
8,19,stop,25.866141732283463,4359929.770833333,552000.0
8,20,stop,25.6328125,4067102.190871369,509822.0
8,21,stop,25.238095238095237,4360026.835978836,551822.0
8,22,stop,28.396551724137932,4342139.979166667,552400.0
8,23,stop,24.22641509433962,4208046.053231939,423197.0
8,24,stop,26.925619834710744,4342611.392670157,565200.0
8,25,stop,27.0,4404904.691891892,538399.0
8,26,stop,28.102564102564102,4366606.71657754,507726.0
8,27,stop,25.385826771653544,4379238.804123712,517599.0
8,28,stop,26.220338983050848,4335144.646464647,512400.0
8,29,stop,25.782608695652176,4350003.4375,538509.0
8,30,stop,29.23008849557522,4319618.742268041,566000.0
8,31,stop,29.62727272727273,4473576.696629213,530677.0
8,32,stop,26.48739495798319,4313917.285714285,580000.0
8,33,stop,28.286956521739132,4384228.867724868,533599.0
8,34,stop,26.035398230088497,4457235.073446328,514400.0
8,35,stop,27.915966386554622,4371533.541666667,545796.0
8,36,stop,25.791304347826088,4371193.263157895,556000.0
8,37,stop,26.16521739130435,4322590.564102564,546796.0
8,38,stop,28.330434782608695,4371684.209424084,556791.0
8,39,stop,27.278260869565216,4431402.285714285,537600.0
8,40,stop,28.307692307692307,4284486.985074627,552399.0
8,41,stop,27.672,4310862.733668341,558132.0
8,42,stop,28.275,4384222.1875,538400.0
8,43,stop,25.36283185840708,4386370.717391305,532629.0
8,44,stop,27.061946902654867,4372302.052356021,520000.0
8,45,stop,26.904347826086955,4444145.472527472,568000.0
8,46,stop,29.05263157894737,4413956.062827225,535600.0
8,47,stop,28.162393162393162,4414953.152173913,548128.0
8,48,stop,26.57983193277311,4384664.663212435,578873.0
8,49,stop,28.991071428571427,4401945.100529101,529199.0
8,50,stop,27.15702479338843,4327235.090909091,562766.0
8,51,stop,28.714285714285715,4382519.515789473,576800.0
8,52,stop,24.550847457627118,4393668.085561497,516400.0
8,53,stop,27.47826086956522,4375088.164102565,529600.0
8,54,stop,28.276785714285715,4417234.623655914,555999.0
8,55,stop,27.65811965811966,4412045.906735751,554798.0
8,56,stop,25.854700854700855,4404006.4948453605,530400.0
8,57,stop,28.842105263157894,4442858.681081081,520110.0
8,58,stop,26.862068965517242,4418476.753926702,542400.0
8,59,stop,27.39316239316239,4359397.410526316,558000.0
8,60,stop,28.21186440677966,4449552.936170213,534400.0
8,61,stop,26.539823008849556,4433766.666666667,547198.0
8,62,stop,28.371900826446282,4349133.838383839,522233.0
8,63,stop,27.151785714285715,4390474.857142857,545599.0
8,64,stop,27.875,4373082.428571428,550000.0
8,65,stop,28.533898305084747,4406028.8795811515,526800.0
8,66,stop,26.892857142857142,4450622.108695652,553490.0
8,67,stop,27.350877192982455,4484141.7049180325,556000.0
8,68,stop,26.42608695652174,4442969.673913044,567200.0
8,69,stop,28.86725663716814,4388519.647668393,522400.0
8,70,stop,24.914529914529915,4408072.7461139895,531200.0
8,71,stop,27.12280701754386,4490100.369565218,547999.0
8,72,stop,27.66949152542373,4430664.4375,550000.0
8,73,stop,27.932773109243698,4410418.317948718,575600.0
8,74,stop,25.16949152542373,4332299.564356436,532478.0
8,75,stop,26.887931034482758,4421801.403141362,527801.0
8,76,stop,27.149122807017545,4389498.70212766,513200.0
8,77,stop,26.4,4323074.27184466,598000.0
8,78,stop,27.764705882352942,4391092.8367346935,535777.0
8,79,stop,26.275862068965516,4364855.25,550000.0
8,80,stop,26.05,4436335.382978723,546805.0
8,81,stop,27.598214285714285,4453575.638297873,556400.0
8,82,stop,26.1875,4444878.378378378,503200.0
8,83,stop,28.876106194690266,4403501.608465608,506000.0
8,84,stop,25.548672566371682,4421003.510638298,561595.0
8,85,stop,27.08695652173913,4441439.05882353,542399.0
8,86,stop,26.85217391304348,4500288.896174863,549599.0
8,87,stop,28.241071428571427,4370765.632653061,570400.0
8,88,stop,26.275862068965516,4417727.395833333,557199.0
8,89,stop,28.614035087719298,4459606.264550265,535636.0
8,90,stop,28.46086956521739,4411315.676767677,555600.0
8,91,stop,28.41025641025641,4398469.693877551,556466.0
8,92,stop,26.563025210084035,4463470.288770054,568461.0
8,93,stop,26.843478260869563,4427220.533333333,544000.0
8,94,stop,27.478991596638654,4376689.7,599600.0
8,95,stop,25.821138211382113,4420362.010256411,568800.0
8,96,stop,28.29310344827586,4441806.596858638,543998.0
8,97,stop,28.487179487179485,4387261.9900497515,571600.0
8,98,stop,28.060344827586206,4468935.543478261,530800.0
8,99,stop,27.56140350877193,4418310.989690722,566400.0
8,100,stop,27.017543859649123,4387984.841025641,558800.0
