concurrency,count,command,Mean [CPU]Totl% excluding 0%,Mean [MEM]Used,sum(Disk Read + Write KB)
1,1,load,21.733266733266735,4195006.392626728,31884531.0
1,2,load,21.87710604558969,4242284.438756855,42057068.0
1,3,load,21.755769230769232,4340837.782608695,101038420.0
1,4,load,21.842897460018815,4328220.04373423,105409567.0
1,5,load,21.879032258064516,4234250.744142455,33725986.0
1,6,load,22.170974155069583,4316813.475128645,98293310.0
1,7,load,22.42645607107601,4243224.227027027,36014909.0
1,8,load,21.664527956003667,4328861.230268511,105398815.0
1,9,load,21.53409090909091,4322837.673469388,97217296.0
1,10,load,21.305893358278766,4333100.096345515,105411977.0
1,11,load,21.895138226882747,4323669.3617747445,98286576.0
1,12,load,21.591970121381888,4329656.352841391,98289719.0
1,13,load,21.70729366602687,4347568.020033389,105410043.0
1,14,load,21.90203685741998,4348544.974533107,105408792.0
1,15,load,21.8075117370892,4343986.663324979,105407191.0
1,16,load,21.606603773584904,4327867.628936171,98305174.0
1,17,load,21.56355140186916,4323013.9410278015,98305975.0
1,18,load,21.763862332695986,4354638.692372171,105427696.0
1,19,load,21.649189704480456,4372489.67278798,105426077.0
1,20,load,22.32638888888889,4262566.223034735,35312299.0
1,21,load,21.632571996027806,4238410.497687327,88388002.0
1,22,load,22.09012464046021,4247203.902085222,33301594.0
1,23,load,21.72673849167483,4281580.857657658,63441094.0
1,24,load,22.099706744868037,4293083.687445127,105397583.0
1,25,load,21.845857418111752,4274682.584229391,48676551.0
1,26,load,21.96087786259542,4350530.837951302,105411224.0
1,27,load,22.33893280632411,4244828.966023875,104356470.0
1,28,load,21.799627213420315,4337193.4778982485,98315970.0
1,29,load,21.89524733268671,4263886.570135746,36067624.0
1,30,load,21.400925925925925,4348085.855120732,104747675.0
1,31,load,21.631327602674308,4358641.644110275,105430984.0
1,32,load,21.46698113207547,4352149.949748743,104914330.0
1,33,load,21.831749049429657,4337828.885860306,97042505.0
1,34,load,21.800376647834273,4361275.976686095,107313712.0
1,35,load,21.515669515669515,4356112.356902357,105412573.0
1,36,load,21.503330161750714,4361503.083892617,105432214.0
1,37,load,21.93270142180095,4348865.015332198,98217684.0
1,38,load,21.389199255121042,4366718.804366079,105416901.0
1,39,load,21.562091503267975,4345871.413153457,98309855.0
1,40,load,21.97172478793591,4336188.590330789,98301573.0
1,41,load,21.889635316698655,4369288.32885906,105425594.0
1,42,load,21.927835051546392,4358738.276261373,105418375.0
1,43,load,21.745714285714286,4377256.51969824,105429976.0
1,44,load,21.441011235955056,4391329.0930232555,104932086.0
1,45,load,21.67269267364415,4354413.701265823,98302165.0
1,46,load,21.49122807017544,4367311.060380479,105426369.0
1,47,load,21.451286764705884,4359818.811522634,105427584.0
1,48,load,21.931297709923665,4377357.434276206,107313563.0
1,49,load,21.93139097744361,4358020.141652614,98308786.0
1,50,load,22.067877629063098,4350889.084802687,98300758.0
1,51,load,21.64639850327409,4373803.896924356,100243445.0
1,52,load,21.413891531874405,4386966.151006712,105423712.0
1,53,load,21.995196926032662,4354172.615120275,86386202.0
1,54,load,21.96438612933458,4354710.359493671,98295810.0
1,55,load,21.95614035087719,4370495.7534246575,98303574.0
1,56,load,21.69130028063611,4371201.1857968625,105425998.0
1,57,load,21.645376549094376,4381954.331929233,104410253.0
1,58,load,21.876106194690266,4345900.11558669,77487562.0
1,59,load,21.717307692307692,4376350.637436762,105431575.0
1,60,load,21.584729981378025,4406661.814602133,104889777.0
1,61,load,21.389845874886674,4380837.580408163,105400195.0
1,62,load,21.700191570881227,4383257.622073579,105425193.0
1,63,load,21.630268199233715,4315896.4201077195,40995880.0
1,64,load,21.57644824311491,4401729.090909091,105417976.0
1,65,load,21.72865275142315,4388947.407531381,105425182.0
1,66,load,22.156190476190478,4353865.96413322,89312790.0
1,67,load,21.998037291462218,4349594.450482033,78103992.0
1,68,load,21.958413926499034,4342729.028972783,74727852.0
1,69,load,21.855924170616113,4386863.408900084,104353308.0
1,70,load,22.178247734138974,4294342.027447392,98316370.0
1,71,load,21.907692307692308,4384405.964853557,105432559.0
1,72,load,22.225646123260436,4301250.0018399265,105392523.0
1,73,load,21.88568683957733,4309530.5978647685,39765170.0
1,74,load,21.65074906367041,4394410.561056105,105410777.0
1,75,load,22.114737883283876,4323400.21719457,40981422.0
1,76,load,21.76886341929322,4370577.329923274,96670783.0
1,77,load,21.944392082940624,4375830.099746407,97874083.0
1,78,load,21.829450139794968,4384880.182741117,98278397.0
1,79,load,21.673644148430068,4391021.180602007,105402779.0
1,80,load,21.981150793650794,4313981.738970588,35695994.0
1,81,load,21.92504743833017,4393950.643333334,105421571.0
1,82,load,21.82804995196926,4396295.871186441,98295975.0
1,83,load,21.411275415896487,4399563.312760633,105432173.0
1,84,load,21.51123090745732,4403947.825101214,105430264.0
1,85,load,22.02868068833652,4304695.250896057,36015577.0
1,86,load,21.86048689138577,4393844.073089701,105417970.0
1,87,load,21.900282220131704,4395588.284745763,98287588.0
1,88,load,21.61228406909789,4406951.152228763,104360420.0
1,89,load,21.918095238095237,4381893.5046808515,98304515.0
1,90,load,22.094302554027504,4371286.925531914,77180596.0
1,91,load,21.591039084842706,4392119.1254237285,91227593.0
1,92,load,21.896486229819562,4377836.141501294,89291732.0
1,93,load,21.62370649106303,4415450.239057239,105429910.0
1,94,load,21.6682156133829,4392711.254408061,98305056.0
1,95,load,21.722543352601157,4396752.107173725,95855835.0
1,96,load,21.835394862036157,4392787.734693877,97495574.0
1,97,load,22.270323212536727,4309905.424657534,98951583.0
1,98,load,21.848341232227487,4429922.784641068,107309407.0
1,99,load,21.951028403525957,4320363.225454546,105398372.0
1,100,load,21.977560975609755,4424068.960404381,107298967.0
2,1,load,21.981870229007633,4424696.200166806,104867383.0
2,2,load,21.418714555765597,4421095.304347826,100240768.0
2,3,load,21.59231490159325,4396713.601357082,98291581.0
2,4,load,21.99616858237548,4410436.936905791,98295794.0
2,5,load,22.336893203883495,4319503.328519856,35140794.0
2,6,load,21.865911237016054,4429077.878838174,106071563.0
2,7,load,21.807580174927114,4415423.648945148,105413232.0
2,8,load,22.144075829383887,4439319.139364303,116314482.0
2,9,load,21.353053435114504,4398273.583916084,85956115.0
2,10,load,21.859732824427482,4422283.206055509,98575160.0
2,11,load,21.696969696969695,4418774.440445587,91208511.0
2,12,load,21.612778315585672,4342774.225835592,36564815.0
2,13,load,21.411320754716982,4419096.55042735,98164408.0
2,14,load,21.6622009569378,4404339.595854922,86379570.0
2,15,load,22.148076923076925,4409796.175824176,97476374.0
2,16,load,22.09702209414025,4410761.947144075,97863985.0
2,17,load,21.389782403027436,4431745.161073825,105418400.0
2,18,load,21.994106090373283,4338826.259907834,89418315.0
2,19,load,22.146013448607107,4355146.368515206,39777178.0
2,20,load,21.69460500963391,4444197.006666667,98191426.0
2,21,load,22.05123339658444,4443849.910447761,106758766.0
2,22,load,22.155206286836936,4350167.8848920865,39737876.0
2,23,load,21.755597014925375,4433711.432343234,105406223.0
2,24,load,21.54288407163054,4446239.883040936,106195571.0
2,25,load,21.600563909774436,4453692.94117647,99221577.0
2,26,load,21.907945736434108,4360451.989189189,35498549.0
2,27,load,21.837275307473984,4437292.683903253,105425898.0
2,28,load,21.579250720461093,4428259.134302823,97272411.0
2,29,load,21.219444444444445,4438639.00837521,105399585.0
2,30,load,22.00854700854701,4419632.517766497,98298113.0
2,31,load,21.9796511627907,4429881.668376069,97889173.0
2,32,load,21.753308128544422,4449426.335548173,105421921.0
2,33,load,21.3725305738476,4471053.138662317,104367904.0
2,34,load,21.547528517110266,4403743.730533684,59341580.0
2,35,load,22.080798479087452,4439505.162276976,88922793.0
2,36,load,21.955339805825243,4433633.86779661,88501991.0
2,37,load,22.26320939334638,4433401.443969204,93892265.0
2,38,load,21.90448343079922,4359633.429342934,104177574.0
2,39,load,22.1044061302682,4454144.113522538,98321589.0
2,40,load,21.47514340344168,4475538.876033057,105432788.0
2,41,load,21.409133271202236,4472347.94511703,100238002.0
2,42,load,21.809756097560975,4428150.314703354,80104384.0
2,43,load,21.731638418079097,4477290.477587612,105422775.0
2,44,load,21.268939393939394,4483125.887896019,105421506.0
2,45,load,21.33396764985728,4485039.40777502,105422581.0
2,46,load,21.835091083413232,4355518.6127583105,100603591.0
2,47,load,22.010204081632654,4534292.972392638,105421798.0
2,48,load,21.501382488479262,4502071.508038585,105419977.0
2,49,load,21.280748663101605,4539597.628506444,105294005.0
2,50,load,21.588290840415485,4436082.160409557,77228789.0
2,51,load,22.113300492610836,4359036.312213039,33209412.0
2,52,load,21.975984630163303,4489621.495450785,106466134.0
2,53,load,21.887269193391642,4465497.4807197945,88919570.0
2,54,load,21.894787644787645,4440334.448839209,84656375.0
2,55,load,21.593012275731823,4487242.309210527,104877605.0
2,56,load,21.54621848739496,4498444.885993485,105408372.0
2,57,load,22.222868217054263,4434842.891398784,72123840.0
2,58,load,21.75403608736942,4486303.006557377,105425192.0
2,59,load,21.649056603773584,4486690.006568144,105441166.0
2,60,load,21.607806691449813,4556956.0,104925996.0
2,61,load,22.22808764940239,4374604.369624886,37261586.0
2,62,load,21.964077669902913,4375877.861060329,34466796.0
2,63,load,22.168818272095333,4374084.9826484015,40738489.0
2,64,load,22.1046511627907,4373165.584086799,33968686.0
2,65,load,22.01277013752456,4389532.40913242,41516667.0
2,66,load,21.867996201329536,4378953.517985611,32605192.0
2,67,load,22.031311154598825,4376234.247933884,34726222.0
2,68,load,21.81153846153846,4503872.202118989,105426390.0
2,69,load,21.835564053537286,4480053.454849498,98355677.0
2,70,load,22.441609421000983,4376088.937101185,34443132.0
2,71,load,21.62172647914646,4497318.160919541,105423980.0
2,72,load,21.75693779904306,4460438.52613539,78788380.0
2,73,load,21.792329279700656,4467770.034797017,97889390.0
2,74,load,21.984555984555985,4484750.200843882,96794555.0
2,75,load,21.666666666666668,4467319.900172117,78833863.0
2,76,load,21.613117870722434,4484037.112984823,96655150.0
2,77,load,21.411819887429644,4509023.107491856,105461317.0
2,78,load,20.93239683933275,4608897.553454545,106509152.0
2,79,load,21.982335623159962,4395406.718978102,34803849.0
2,80,load,21.761545711592838,4491599.155778894,94243104.0
2,81,load,21.573076923076922,4485226.663273961,97088194.0
2,82,load,21.651140684410645,4506277.720853859,105420782.0
2,83,load,22.063241106719367,4408345.570127505,90057990.0
2,84,load,21.09965034965035,4679684.375249501,112258332.0
2,85,load,21.494921514312097,4626791.965267728,105419615.0
2,86,load,21.775301764159703,4504430.811165846,32521034.0
2,87,load,21.105653382761815,4601100.862745098,103154037.0
2,88,load,21.142986425339366,4689453.181756297,104935347.0
2,89,load,21.736842105263158,4479061.348122867,32934775.0
2,90,load,21.686496694995277,4442593.803448276,55269179.0
2,91,load,21.33572710951526,4583690.241091737,105427432.0
2,92,load,21.547918683446273,4405178.665464383,83156354.0
2,93,load,20.839581517000873,4695437.941018767,104731595.0
2,94,load,21.37664783427495,4479387.976170213,34806636.0
2,95,load,21.597272727272728,4587218.662668666,70772350.0
2,96,load,21.666666666666668,4533194.105777054,36653572.0
2,97,load,21.087188612099645,4699963.021505376,105322929.0
2,98,load,21.255140186915888,4541941.088545898,64628374.0
2,99,load,21.78035217794254,4438148.832214765,91639043.0
2,100,load,21.243856332703213,4498887.833757422,32397897.0
4,1,load,19.786729857819907,4815198.796747968,126175970.0
4,2,load,20.524686192468618,4729551.682498373,103919955.0
4,3,load,21.226765799256505,4650864.0403749095,92265561.0
4,4,load,21.153641207815276,4708096.349356804,104983917.0
4,5,load,21.612595419847327,4521637.209917355,61761054.0
4,6,load,20.515463917525775,4718628.133244503,105422098.0
4,7,load,21.530731707317074,4487198.962576153,33448790.0
4,8,load,20.696517412935325,4751480.461051298,104791896.0
4,9,load,21.9815712900097,4446126.678291194,91636739.0
4,10,load,20.28467741935484,4765530.117501546,103657029.0
4,11,load,21.87524366471735,4527429.019150708,33717569.0
4,12,load,22.42394504416094,4415443.182561308,33244208.0
4,13,load,21.436131386861312,4673482.338549076,93804372.0
4,14,load,21.918307086614174,4418770.98540146,36487186.0
4,15,load,20.900528169014084,4616151.0212121215,105419684.0
4,16,load,21.42200956937799,4546215.800327333,34047196.0
4,17,load,21.536082474226806,4671085.501090909,105407245.0
4,18,load,21.25949953660797,4520352.282467533,103455740.0
4,19,load,20.851458885941646,4775756.798479088,118218937.0
4,20,load,21.236380424746077,4620302.013667426,75275573.0
4,21,load,20.528333333333332,4770787.145606157,116410238.0
4,22,load,21.404515522107243,4654114.2486969475,100351848.0
4,23,load,20.596461668070766,4751354.243261012,116662247.0
4,24,load,21.50502283105023,4687654.5663591195,107319938.0
4,25,load,20.804042179261863,4710225.092402464,105410869.0
4,26,load,21.53197405004634,4540074.756972112,91384205.0
4,27,load,21.24105461393597,4545774.185933711,33143904.0
4,28,load,21.050487156775908,4710271.966457023,86575278.0
4,29,load,22.27355901189387,4432950.289198606,35083594.0
4,30,load,21.106951871657753,4735046.9986684425,104611567.0
4,31,load,21.958048780487804,4455936.234042553,91636350.0
4,32,load,21.823984526112184,4465846.165170557,35841191.0
4,33,load,21.748091603053435,4618507.881435257,69523997.0
4,34,load,22.16061185468451,4451738.899641577,36216312.0
4,35,load,20.98787878787879,4768537.018087856,105426638.0
4,36,load,21.634438305709025,4566140.49632653,32554772.0
4,37,load,21.356164383561644,4697332.717514125,95315357.0
4,38,load,21.409007352941178,4625983.168556311,73651187.0
4,39,load,21.386384544618217,4572783.497553018,34025404.0
4,40,load,21.724170616113746,4577787.0,35803171.0
4,41,load,22.248269040553907,4480012.855345912,36468250.0
4,42,load,21.494716618635927,4572281.149958575,33665261.0
4,43,load,21.52376599634369,4744656.2255434785,102424782.0
4,44,load,21.52238805970149,4563630.628099173,56276841.0
4,45,load,21.19909090909091,4691056.666666667,68644912.0
4,46,load,21.34267040149393,4573503.471020408,37771568.0
4,47,load,21.09964093357271,4768080.115050167,106069928.0
4,48,load,20.87367491166078,4753824.8505434785,105320257.0
4,49,load,20.29142381348876,4801914.944408946,104582608.0
4,50,load,20.835273052820053,4698588.580152672,104624068.0
4,51,load,21.49386213408876,4579513.5,33027078.0
4,52,load,21.594517958412098,4583339.751430907,33096371.0
4,53,load,21.227233304423244,4789335.777208706,105176636.0
4,54,load,21.957813998082454,4490009.00795756,35806382.0
4,55,load,21.760589318600367,4580226.072639225,32208134.0
4,56,load,22.32730923694779,4466850.296228151,33719984.0
4,57,load,21.44814462416746,4585465.2,38034922.0
4,58,load,21.66189111747851,4557299.640228945,42583133.0
4,59,load,21.691552062868368,4541972.657293498,32380945.0
4,60,load,21.585981308411213,4576275.343775762,61079846.0
4,61,load,21.870754716981132,4517487.3808695655,32572386.0
4,62,load,21.4056338028169,4605299.822514379,32416776.0
4,63,load,22.057673509286413,4535772.984126984,31951216.0
4,64,load,21.429816069699903,4566457.258119659,34092064.0
4,65,load,22.05430711610487,4532004.10652921,32199969.0
4,66,load,22.37033398821218,4529795.133510168,38539574.0
4,67,load,20.83390119250426,4840282.633004926,111782277.0
4,68,load,21.573708920187794,4548709.758131777,91613525.0
4,69,load,20.182182985553773,4879026.116082225,104881048.0
4,70,load,21.87619961612284,4612135.427615062,32037075.0
4,71,load,21.932236205227493,4623967.390223695,33827513.0
4,72,load,21.449129239230064,4725245.314828342,89985545.0
4,73,load,21.35836501901141,4550842.4,91626328.0
4,74,load,21.714423076923076,4578759.850823938,32869518.0
4,75,load,20.542301184433164,4894223.558488302,114620175.0
4,76,load,21.01133391455972,4782212.857538036,71150263.0
4,77,load,21.554907677356656,4555302.581560284,33134772.0
4,78,load,21.701620591039084,4612744.295415959,36199994.0
4,79,load,20.622923588039868,4884894.305504019,114153604.0
4,80,load,21.18812785388128,4638353.852869847,34109964.0
4,81,load,20.962432915921287,4814808.839838493,105405769.0
4,82,load,21.958944281524925,4626711.929883138,53127414.0
4,83,load,20.664141414141415,4858821.6990476195,104717734.0
4,84,load,22.215475024485798,4526473.725703905,35660775.0
4,85,load,21.586854460093896,4639181.699346405,33243163.0
4,86,load,20.42798013245033,4869417.618033813,105952341.0
4,87,load,21.13976555455365,4731581.446494465,86769830.0
4,88,load,20.90627687016337,4833786.0,104958736.0
4,89,load,20.6341059602649,4837170.535248042,86207100.0
4,90,load,21.560503388189737,4572024.5342831705,35394296.0
4,91,load,21.334256694367497,4719960.079087452,34241973.0
4,92,load,22.138461538461538,4543273.796791444,33354386.0
4,93,load,21.43289224952741,4661527.833740831,33742931.0
4,94,load,21.65204678362573,4616287.493540051,32905560.0
4,95,load,21.20201096892139,4801302.743893929,104717918.0
4,96,load,21.54913294797688,4575030.543589744,91629145.0
4,97,load,21.804284323271666,4600251.190226876,34275246.0
4,98,load,21.720864661654137,4674413.728949479,33245442.0
4,99,load,21.236185383244205,4756939.373285199,67465151.0
4,100,load,21.968045112781954,4603938.447412354,34769172.0
8,1,load,21.779710144927535,4578208.977469671,90647544.0
8,2,load,21.44194756554307,4672068.0748576075,32828774.0
8,3,load,20.07565011820331,4925685.277711561,114114427.0
8,4,load,20.049633848657447,4921798.713592233,116408741.0
8,5,load,21.42540904716073,4664995.686727122,33013411.0
8,6,load,21.735146022155085,4571326.289449113,32197480.0
8,7,load,21.821122740247382,4679414.329278183,32589568.0
8,8,load,20.946199829205806,4934394.401468788,112104214.0
8,9,load,22.197495183044317,4677883.537437604,33545815.0
8,10,load,20.332510288065844,4915153.160891089,97957090.0
8,11,load,21.789103690685412,4673428.04375,32606774.0
8,12,load,21.075194468452896,4886075.239923225,105405801.0
8,13,load,21.7197265625,4627403.580985916,34805016.0
8,14,load,21.6274694261524,4736335.204949729,33860539.0
8,15,load,20.81310043668122,4920032.24785276,110043062.0
8,16,load,21.660576923076924,4616233.664135021,89385818.0
8,17,load,21.681553398058252,4637750.008643042,32563588.0
8,18,load,21.925925925925927,4593490.132854578,37916997.0
8,19,load,21.62175168431184,4604476.866610025,91635534.0
8,20,load,22.341153470185727,4577855.178832117,32199752.0
8,21,load,21.026501766784452,4761473.087087087,72377327.0
8,22,load,21.76872037914692,4609610.087553648,91632189.0
8,23,load,21.905642023346303,4636863.139107612,35506760.0
8,24,load,21.566666666666666,4796994.335787923,66632746.0
8,25,load,21.6333021515435,4692089.302782324,32232942.0
8,26,load,21.592105263157894,4706949.413096201,32610362.0
8,27,load,21.56148713060057,4733281.343018563,104602415.0
8,28,load,21.036607142857143,4859695.698630137,79350326.0
8,29,load,21.65965583173996,4690362.657807309,32924890.0
8,30,load,21.496268656716417,4712905.565929566,33010075.0
8,31,load,22.33937562940584,4612236.5484460695,37393383.0
8,32,load,21.738003838771593,4666257.724770642,100242916.0
8,33,load,21.841954022988507,4640299.371527778,32921675.0
8,34,load,20.37489539748954,4886598.067149441,100225837.0
8,35,load,20.703799654576855,4941312.756823821,85498128.0
8,36,load,20.50823723228995,4946323.415479876,87702692.0
8,37,load,21.695652173913043,4725468.265791632,34015969.0
8,38,load,21.55004591368228,4721608.777868185,33335890.0
8,39,load,21.650613786591123,4735727.931762794,33324370.0
8,40,load,20.456375838926174,4974927.515520389,104337429.0
8,41,load,20.421647819063004,4983921.922756982,116721756.0
8,42,load,21.438381937911572,4713113.312448475,33878067.0
8,43,load,22.04360465116279,4683796.732876712,34408772.0
8,44,load,21.656308851224104,4825099.482142857,76431366.0
8,45,load,22.235,4641580.1404140415,36945808.0
8,46,load,20.959165942658558,4914456.0,89356320.0
8,47,load,21.02956989247312,4952980.818064516,113844254.0
8,48,load,20.84726962457338,4956918.001282874,117944408.0
8,49,load,21.757345971563982,4702398.14527027,75611588.0
8,50,load,21.092241379310344,4919687.288888888,104317913.0
8,51,load,22.154219204655675,4668192.280888889,34729580.0
8,52,load,20.28417564208782,4957595.416560509,104410549.0
8,53,load,21.055258467023172,4940352.567301379,98726042.0
8,54,load,22.067895247332686,4650063.144136079,39471571.0
8,55,load,20.232142857142858,4942317.945666236,103888564.0
8,56,load,20.76514522821577,4977689.068965517,98100451.0
8,57,load,21.630291627469425,4742121.870385562,33819614.0
8,58,load,20.142397425583265,5004969.286312015,103968928.0
8,59,load,21.472897196261684,4777464.362760834,33379576.0
8,60,load,21.57224880382775,4720500.925957447,33005200.0
8,61,load,21.745489078822413,4751768.325657895,33288999.0
8,62,load,21.570342205323193,4756796.0722495895,32520776.0
8,63,load,21.633682207421504,4746120.01986755,32110134.0
8,64,load,20.661192739844424,4981903.754945756,105400721.0
8,65,load,20.486599664991626,4927387.751503006,105199001.0
8,66,load,21.543624161073826,4774927.963934426,34841164.0
8,67,load,20.901333333333334,4937720.091767881,94326443.0
8,68,load,21.38157894736842,4708657.307958477,32590586.0
8,69,load,20.734388009991672,4952916.912095175,107072650.0
8,70,load,21.681730769230768,4692285.8075601375,91632998.0
8,71,load,21.543661971830986,4780776.33632653,33815569.0
8,72,load,21.471698113207548,4766906.887417219,32885874.0
8,73,load,21.79556412729026,4725053.847750865,32326992.0
8,74,load,21.711309523809526,4677388.174228675,36117352.0
8,75,load,20.632861635220127,5002226.633392751,104094732.0
8,76,load,21.207089552238806,4780501.962387571,34842370.0
8,77,load,20.62915601023018,5022343.06779661,105413586.0
8,78,load,21.616022099447513,4772571.286173633,34989101.0
8,79,load,20.546744574290486,5026520.858358663,105411527.0
8,80,load,21.50139534883721,4808959.835051547,32951175.0
8,81,load,20.97069597069597,4796431.609991942,34565168.0
8,82,load,21.502846299810248,4771090.264779351,32032900.0
8,83,load,20.96545284780579,4835681.0875,34027970.0
8,84,load,21.733014354066984,4772736.679433805,32602368.0
8,85,load,20.447411003236247,4983763.88182402,103632877.0
8,86,load,20.991899189918993,4953710.281420765,91744490.0
8,87,load,20.82239057239057,5021870.61249242,113830866.0
8,88,load,21.381801125703564,4772112.21192053,33304763.0
8,89,load,21.673258003766477,4780297.17398374,32667044.0
8,90,load,21.708171206225682,4774392.760165975,32879971.0
8,91,load,20.184577522559476,4998213.998700455,91938549.0
8,92,load,19.90923441199684,5031892.551057402,93259812.0
8,93,load,21.7183908045977,4789729.375310687,32014369.0
8,94,load,21.741904761904763,4794148.1213114755,34264368.0
8,95,load,21.80587121212121,4791965.836601308,32588951.0
8,96,load,21.592945662535747,4787334.228143214,32705966.0
8,97,load,20.330385852090032,5015728.4639111655,102789571.0
8,98,load,21.765151515151516,4807987.804560261,33219573.0
8,99,load,21.50581395348837,4766265.351676698,38149575.0
8,100,load,21.139138240574507,4934792.103279833,75678011.0
4,11,remove_container,,4561626.666666667,27333.0
4,34,remove_container,12.0,4585756.0,13500.0
4,39,remove_container,10.0,4598836.0,24333.0
4,68,remove_container,12.0,4645372.0,17500.0
4,82,remove_container,14.0,4665340.0,13500.0
4,98,remove_container,14.0,4690712.0,27500.0
8,1,remove_container,21.25,4711537.882352941,84334.0
8,2,remove_container,14.2,4709350.333333333,74733.0
8,3,remove_container,13.23076923076923,4709729.5,120855.0
8,4,remove_container,13.0,4698076.2105263155,91332.0
8,5,remove_container,13.25,4701969.538461538,90793.0
8,6,remove_container,12.0,4726433.647058823,120689.0
8,7,remove_container,12.857142857142858,4707162.333333333,84334.0
8,8,remove_container,12.846153846153847,4723331.652173913,94000.0
8,9,remove_container,11.25,4711247.692307692,88666.0
8,10,remove_container,13.0,4727382.060606061,91324.0
8,11,remove_container,16.5,4727924.0,77500.0
8,12,remove_container,14.333333333333334,4712199.666666667,87047.0
8,13,remove_container,16.5,4719838.285714285,93335.0
8,14,remove_container,14.571428571428571,4728996.285714285,87999.0
8,15,remove_container,11.333333333333334,4718021.684210527,89630.0
8,16,remove_container,11.166666666666666,4724075.666666667,78533.0
8,17,remove_container,12.375,4729328.615384615,83500.0
8,18,remove_container,14.0,4724835.368421053,88762.0
8,19,remove_container,15.625,4729781.555555556,120323.0
8,20,remove_container,14.5,4736385.555555556,82853.0
8,21,remove_container,15.428571428571429,4731144.0,76333.0
8,22,remove_container,15.25,4728754.666666667,95832.0
8,23,remove_container,15.571428571428571,4727158.285714285,92834.0
8,24,remove_container,17.0,4739578.333333333,73500.0
8,25,remove_container,16.0,4731122.571428572,87667.0
8,26,remove_container,17.142857142857142,4726642.285714285,92000.0
8,27,remove_container,15.4,4734755.384615385,84233.0
8,28,remove_container,12.642857142857142,4753736.5,117349.0
8,29,remove_container,18.833333333333332,4744443.692307692,84000.0
8,30,remove_container,15.857142857142858,4745569.230769231,87666.0
8,31,remove_container,18.333333333333332,4763964.923076923,83334.0
8,32,remove_container,14.0,4743151.384615385,85000.0
8,33,remove_container,12.125,4739744.923076923,89737.0
8,34,remove_container,12.0,4745564.307692308,88333.0
8,35,remove_container,18.333333333333332,4746224.333333333,92717.0
8,36,remove_container,12.333333333333334,4760379.076923077,90499.0
8,37,remove_container,11.333333333333334,4756243.384615385,93465.0
8,38,remove_container,14.428571428571429,4761682.0,81348.0
8,39,remove_container,14.857142857142858,4767055.076923077,86334.0
8,40,remove_container,13.0,4762872.0,91283.0
8,41,remove_container,12.5,4765726.222222222,87166.0
8,42,remove_container,13.2,4756661.684210527,101000.0
8,43,remove_container,14.571428571428571,4760525.666666667,94834.0
8,44,remove_container,17.4,4756393.714285715,100167.0
8,45,remove_container,11.9,4758706.666666667,90667.0
8,46,remove_container,18.333333333333332,4759077.0,89999.0
8,47,remove_container,11.75,4767173.714285715,90024.0
8,48,remove_container,18.125,4769081.230769231,84666.0
8,49,remove_container,21.333333333333332,4775496.7272727275,77834.0
8,50,remove_container,16.166666666666668,4770369.0,61166.0
8,51,remove_container,17.0,4782576.0,84167.0
8,52,remove_container,18.75,4766157.538461538,91467.0
8,53,remove_container,17.75,4783657.714285715,86391.0
8,54,remove_container,11.5,4775280.444444444,48800.0
8,55,remove_container,15.0,4780244.347826087,118501.0
8,56,remove_container,11.1,4774090.260869565,90900.0
8,57,remove_container,13.428571428571429,4775380.857142857,93334.0
8,58,remove_container,24.5,4781592.615384615,93641.0
8,59,remove_container,13.8,4769875.692307692,83667.0
8,60,remove_container,10.5,4795550.52631579,92637.0
8,61,remove_container,22.666666666666668,4781543.714285715,84333.0
8,62,remove_container,16.2,4779928.0,91200.0
8,63,remove_container,20.333333333333332,4783175.692307692,82843.0
8,64,remove_container,12.0,4786452.333333333,82167.0
8,65,remove_container,14.833333333333334,4790614.0,73800.0
8,66,remove_container,13.545454545454545,4789233.2727272725,81964.0
8,67,remove_container,11.5,4793479.076923077,92126.0
8,68,remove_container,15.166666666666666,4795632.333333333,85665.0
8,69,remove_container,12.428571428571429,4813098.857142857,98834.0
8,70,remove_container,18.0,4788751.384615385,87005.0
8,71,remove_container,14.5,4788522.333333333,84500.0
8,72,remove_container,10.333333333333334,4794870.461538462,94852.0
8,73,remove_container,17.857142857142858,4798218.133333334,85833.0
8,74,remove_container,15.857142857142858,4804797.142857143,125200.0
8,75,remove_container,15.333333333333334,4805964.857142857,92667.0
8,76,remove_container,12.666666666666666,4804310.105263158,90333.0
8,77,remove_container,17.666666666666668,4803001.090909091,126834.0
8,78,remove_container,12.0,4799286.888888889,85133.0
8,79,remove_container,12.666666666666666,4805574.666666667,77670.0
8,81,remove_container,11.571428571428571,4805596.666666667,82500.0
8,82,remove_container,11.0,4807004.666666667,90551.0
8,83,remove_container,15.285714285714286,4813382.571428572,97333.0
8,84,remove_container,12.6,4814526.0,74811.0
8,85,remove_container,20.5,4816437.666666667,83166.0
8,86,remove_container,13.8,4815627.076923077,92030.0
8,87,remove_container,11.666666666666666,4821722.153846154,87200.0
8,88,remove_container,14.75,4813831.428571428,93501.0
8,89,remove_container,15.666666666666666,4816702.444444444,86867.0
8,90,remove_container,13.333333333333334,4826107.142857143,88666.0
8,91,remove_container,19.2,4812531.466666667,90800.0
8,92,remove_container,14.0,4820306.153846154,79409.0
8,93,remove_container,12.666666666666666,4831709.230769231,82666.0
8,94,remove_container,12.0,4819915.076923077,89848.0
8,95,remove_container,16.5,4832646.909090909,121000.0
8,96,remove_container,12.0,4836823.142857143,89750.0
8,97,remove_container,12.857142857142858,4830622.769230769,95999.0
8,98,remove_container,17.6,4824253.333333333,95309.0
8,99,remove_container,12.777777777777779,4831465.333333333,91832.0
8,100,remove_container,16.0,4827322.823529412,100833.0
1,1,remove_image,16.625,3532367.0,755233.0
1,2,remove_image,14.882352941176471,3532088.0,405865.0
1,3,remove_image,19.533333333333335,3532028.4444444445,502587.0
1,4,remove_image,15.533333333333333,3533098.0,418629.0
1,5,remove_image,16.470588235294116,3532852.6666666665,618661.0
1,6,remove_image,16.22222222222222,3533581.111111111,459830.0
1,7,remove_image,18.384615384615383,3542123.111111111,457195.0
1,8,remove_image,16.05263157894737,3550978.736842105,698811.0
1,9,remove_image,13.625,3525646.6666666665,569718.0
1,10,remove_image,12.75,3534654.4444444445,587722.0
1,11,remove_image,14.842105263157896,3544039.1578947366,651769.0
1,12,remove_image,15.0,3545562.222222222,535120.0
1,13,remove_image,17.27777777777778,3551500.0,459668.0
1,14,remove_image,14.625,3540500.6666666665,568009.0
1,15,remove_image,18.27777777777778,3552018.4,411670.0
1,16,remove_image,15.133333333333333,3542346.222222222,560632.0
1,17,remove_image,18.1,3564910.6666666665,539374.0
1,18,remove_image,15.466666666666667,3552480.4444444445,452062.0
1,19,remove_image,12.733333333333333,3546848.888888889,488225.0
1,20,remove_image,16.529411764705884,3552450.6,747186.0
1,21,remove_image,13.8,3552423.5555555555,565003.0
1,22,remove_image,13.294117647058824,3561882.0,459168.0
1,23,remove_image,13.823529411764707,3563727.3333333335,457998.0
1,24,remove_image,18.11764705882353,3554744.222222222,592160.0
1,25,remove_image,16.77777777777778,3546697.6,552207.0
1,26,remove_image,15.928571428571429,3567029.6842105263,635741.0
1,27,remove_image,17.904761904761905,3558392.1904761903,565577.0
1,28,remove_image,17.894736842105264,3566199.2,524052.0
1,29,remove_image,14.125,3564684.6315789474,734691.0
1,30,remove_image,15.214285714285714,3562374.222222222,623822.0
1,31,remove_image,14.6875,3572285.8947368423,708605.0
1,32,remove_image,15.857142857142858,3556607.3333333335,549886.0
1,33,remove_image,17.625,3575384.210526316,513946.0
1,34,remove_image,13.8,3572512.888888889,462668.0
1,35,remove_image,12.61111111111111,3582348.6315789474,721978.0
1,36,remove_image,17.733333333333334,3570539.8095238097,413221.0
1,37,remove_image,13.764705882352942,3570548.0,655280.0
1,38,remove_image,16.94736842105263,3574580.4210526315,710592.0
1,39,remove_image,16.68421052631579,3563221.4736842103,600170.0
1,40,remove_image,16.352941176470587,3594817.1428571427,566552.0
1,41,remove_image,18.058823529411764,3578844.4,622751.0
1,42,remove_image,16.27777777777778,3590123.4285714286,658809.0
1,43,remove_image,17.823529411764707,3583378.888888889,403165.0
1,44,remove_image,18.625,3581738.4,541359.0
1,45,remove_image,18.066666666666666,3573886.6666666665,589341.0
1,46,remove_image,13.625,3581932.210526316,667708.0
1,47,remove_image,14.058823529411764,3577714.736842105,654006.0
1,48,remove_image,15.9375,3582728.6666666665,550031.0
1,49,remove_image,13.058823529411764,3587602.222222222,432000.0
1,50,remove_image,17.625,3574913.777777778,623943.0
1,51,remove_image,18.15,3593886.8571428573,592447.0
1,52,remove_image,18.5625,3589693.5555555555,466163.0
1,53,remove_image,12.833333333333334,3576656.888888889,432500.0
1,54,remove_image,16.46153846153846,3588623.777777778,431611.0
1,55,remove_image,18.5,3581447.777777778,536171.0
1,56,remove_image,17.058823529411764,3603652.888888889,567051.0
1,57,remove_image,14.466666666666667,3584022.888888889,567329.0
1,58,remove_image,12.722222222222221,3587475.789473684,652673.0
1,59,remove_image,16.842105263157894,3590821.4736842103,600332.0
1,60,remove_image,16.944444444444443,3591235.3333333335,386338.0
1,61,remove_image,15.714285714285714,3592489.4736842103,652326.0
1,62,remove_image,19.466666666666665,3597813.2,626000.0
1,63,remove_image,17.72222222222222,3594018.3157894737,542670.0
1,64,remove_image,17.866666666666667,3608040.8421052634,687008.0
1,65,remove_image,18.375,3603242.736842105,570333.0
1,66,remove_image,12.705882352941176,3596378.888888889,568773.0
1,67,remove_image,18.25,3598066.0,553174.0
1,68,remove_image,14.214285714285714,3608813.111111111,461112.0
1,69,remove_image,12.941176470588236,3586075.5555555555,647996.0
1,70,remove_image,16.647058823529413,3602499.111111111,403670.0
1,71,remove_image,14.0,3610690.0,459166.0
1,72,remove_image,15.444444444444445,3601330.3157894737,661885.0
1,73,remove_image,18.11764705882353,3605802.888888889,431500.0
1,74,remove_image,14.058823529411764,3618308.1904761903,624996.0
1,75,remove_image,13.8,3608617.5555555555,428612.0
1,76,remove_image,12.625,3613590.4444444445,404498.0
1,77,remove_image,17.5625,3611893.6842105263,624000.0
1,78,remove_image,13.166666666666666,3605060.4210526315,690991.0
1,79,remove_image,17.875,3606762.1052631577,679158.0
1,80,remove_image,16.076923076923077,3609700.4444444445,533838.0
1,81,remove_image,13.235294117647058,3614338.222222222,439274.0
1,82,remove_image,13.8,3615706.888888889,506666.0
1,83,remove_image,18.133333333333333,3603376.888888889,545538.0
1,84,remove_image,16.68421052631579,3623724.210526316,611838.0
1,85,remove_image,17.176470588235293,3616898.4444444445,468506.0
1,86,remove_image,18.055555555555557,3624398.0,678550.0
1,87,remove_image,15.066666666666666,3629108.8421052634,690690.0
1,88,remove_image,14.2,3618963.3333333335,564052.0
1,89,remove_image,17.352941176470587,3624839.789473684,597567.0
1,90,remove_image,16.25,3617584.0,683019.0
1,91,remove_image,18.0,3616503.1578947366,639665.0
1,92,remove_image,15.5,3631291.3333333335,430611.0
1,93,remove_image,18.533333333333335,3632738.3157894737,437667.0
1,94,remove_image,16.125,3638689.263157895,624798.0
1,95,remove_image,16.57894736842105,3641166.5263157897,482354.0
1,96,remove_image,16.941176470588236,3628021.8947368423,669687.0
1,97,remove_image,15.833333333333334,3634795.1578947366,687338.0
1,98,remove_image,17.3125,3640453.0,625200.0
1,99,remove_image,16.923076923076923,3624021.052631579,652469.0
1,100,remove_image,17.294117647058822,3637922.4444444445,517671.0
2,1,remove_image,16.11111111111111,3628827.111111111,560336.0
2,2,remove_image,14.117647058823529,3635603.789473684,662844.0
2,3,remove_image,13.578947368421053,3637548.210526316,457200.0
2,4,remove_image,13.9375,3639606.736842105,691443.0
2,5,remove_image,12.941176470588236,3624215.777777778,569675.0
2,6,remove_image,14.733333333333333,3647540.4210526315,654493.0
2,7,remove_image,19.666666666666668,3643512.4,523885.0
2,8,remove_image,16.166666666666668,3638409.777777778,431500.0
2,9,remove_image,16.38888888888889,3628463.5555555555,617495.0
2,10,remove_image,16.071428571428573,3637807.3333333335,432367.0
2,11,remove_image,12.736842105263158,3640733.4,594951.0
2,12,remove_image,13.5,3635433.052631579,637798.0
2,13,remove_image,15.285714285714286,3631434.222222222,567829.0
2,14,remove_image,21.0,3637606.6,594400.0
2,15,remove_image,13.055555555555555,3666064.4,457499.0
2,16,remove_image,17.375,3695981.6,467165.0
2,17,remove_image,17.705882352941178,3658241.904761905,621200.0
2,18,remove_image,13.3125,3632515.3333333335,615329.0
2,19,remove_image,17.764705882352942,3657333.777777778,484664.0
2,20,remove_image,13.823529411764707,3645206.4444444445,417174.0
2,21,remove_image,17.375,3641557.777777778,384164.0
2,22,remove_image,13.133333333333333,3635359.777777778,582669.0
2,23,remove_image,14.9375,3641882.947368421,603096.0
2,24,remove_image,14.6,3641325.777777778,564162.0
2,25,remove_image,13.058823529411764,3648684.222222222,536311.0
2,26,remove_image,16.941176470588236,3659379.2,703225.0
2,27,remove_image,14.375,3653226.736842105,652658.0
2,28,remove_image,17.3125,3644810.222222222,539153.0
2,29,remove_image,16.11111111111111,3654406.6666666665,566837.0
2,30,remove_image,19.692307692307693,3661459.111111111,459161.0
2,31,remove_image,16.9375,3654295.111111111,586230.0
2,32,remove_image,13.176470588235293,3658056.888888889,402165.0
2,33,remove_image,13.4375,3655262.0,532885.0
2,34,remove_image,16.38888888888889,3670415.8,524800.0
2,35,remove_image,18.38888888888889,3678608.2,464835.0
2,36,remove_image,16.63157894736842,3657700.0,621200.0
2,37,remove_image,18.0,3660504.4,751228.0
2,38,remove_image,16.7,3675658.2,646054.0
2,39,remove_image,12.944444444444445,3662934.736842105,637256.0
2,40,remove_image,13.875,3670250.888888889,432111.0
2,41,remove_image,19.6,3668271.111111111,386505.0
2,42,remove_image,15.619047619047619,3686136.0,621600.0
2,43,remove_image,13.875,3658738.0,620419.0
2,44,remove_image,16.071428571428573,3680741.052631579,662566.0
2,45,remove_image,13.588235294117647,3673956.0,664904.0
2,46,remove_image,15.214285714285714,3662480.4444444445,452229.0
2,47,remove_image,19.125,3658661.6363636362,518168.0
2,48,remove_image,16.055555555555557,3682552.6666666665,430167.0
2,49,remove_image,19.076923076923077,3687714.2,522171.0
2,50,remove_image,14.578947368421053,3681458.947368421,661014.0
2,51,remove_image,16.636363636363637,3679169.5555555555,459168.0
2,52,remove_image,14.8,3681138.5263157897,605893.0
2,53,remove_image,13.6875,3674020.210526316,652160.0
2,54,remove_image,13.9375,3683139.111111111,457200.0
2,55,remove_image,15.647058823529411,3678262.0,430667.0
2,56,remove_image,16.375,3690534.08,651388.0
2,57,remove_image,21.09090909090909,3688214.285714286,594853.0
2,58,remove_image,15.785714285714286,3683811.3333333335,403865.0
2,59,remove_image,17.333333333333332,3695561.3846153845,613376.0
2,60,remove_image,16.157894736842106,3691236.8421052634,665854.0
2,61,remove_image,13.588235294117647,3665125.272727273,671847.0
2,62,remove_image,17.333333333333332,3695346.285714286,604967.0
2,63,remove_image,17.7,3699232.153846154,630765.0
2,64,remove_image,18.11764705882353,3686383.1578947366,625492.0
2,65,remove_image,16.38095238095238,3709760.96,606667.0
2,66,remove_image,17.166666666666668,3681547.4285714286,574665.0
2,67,remove_image,16.692307692307693,3698138.1052631577,688324.0
2,68,remove_image,14.058823529411764,3704164.4444444445,526400.0
2,69,remove_image,19.285714285714285,3700708.9523809524,510315.0
2,70,remove_image,14.066666666666666,3699386.4444444445,458004.0
2,71,remove_image,17.1875,3699880.888888889,587994.0
2,72,remove_image,16.25,3696619.777777778,586563.0
2,73,remove_image,13.823529411764707,3695962.5263157897,625996.0
2,74,remove_image,16.1875,3700308.6315789474,635997.0
2,75,remove_image,16.61111111111111,3704310.947368421,675007.0
2,76,remove_image,17.294117647058822,3693737.5555555555,565052.0
2,77,remove_image,16.470588235294116,3694401.777777778,586828.0
2,78,remove_image,20.181818181818183,3706991.6,636220.0
2,79,remove_image,16.166666666666668,3703707.3333333335,564945.0
2,80,remove_image,13.166666666666666,3732642.8,487169.0
2,81,remove_image,17.8,3711779.8095238097,561064.0
2,82,remove_image,13.736842105263158,3736553.037037037,653072.0
2,83,remove_image,16.0,3722245.4,622400.0
2,84,remove_image,16.0,3723097.6666666665,604300.0
2,85,remove_image,15.894736842105264,3726020.153846154,643861.0
2,86,remove_image,14.5,3718190.1666666665,577829.0
2,87,remove_image,16.59090909090909,3723752.5,617332.0
2,88,remove_image,18.22222222222222,3726284.6666666665,615336.0
2,89,remove_image,19.066666666666666,3729032.96,621995.0
2,90,remove_image,15.6,3730626.4,655740.0
2,91,remove_image,16.85,3711299.52,660165.0
2,92,remove_image,14.222222222222221,3722536.64,628922.0
2,93,remove_image,15.4,3729122.5,617426.0
2,94,remove_image,14.761904761904763,3720346.5185185187,621198.0
2,95,remove_image,16.08695652173913,3730532.1379310344,603564.0
2,96,remove_image,14.952380952380953,3725212.16,620397.0
2,97,remove_image,13.705882352941176,3738226.923076923,590971.0
2,98,remove_image,17.352941176470587,3722233.6842105263,674267.0
2,99,remove_image,16.583333333333332,3752812.7407407407,635837.0
2,100,remove_image,16.352941176470587,3726032.5,619597.0
4,1,remove_image,13.882352941176471,3723297.052631579,578892.0
4,2,remove_image,15.73913043478261,3747324.0,606664.0
4,3,remove_image,13.875,3731681.4,615777.0
4,4,remove_image,14.5625,3726336.6666666665,567772.0
4,5,remove_image,15.863636363636363,3751581.92,645902.0
4,6,remove_image,13.444444444444445,3754754.3333333335,612700.0
4,7,remove_image,16.5,3749614.0,598853.0
4,8,remove_image,15.055555555555555,3747270.6153846155,624569.0
4,9,remove_image,15.0,3760428.5,614645.0
4,10,remove_image,16.45,3733050.923076923,615388.0
4,11,remove_image,15.15,3741713.76,589100.0
4,12,remove_image,16.19047619047619,3755909.44,650496.0
4,13,remove_image,15.842105263157896,3733923.1578947366,568666.0
4,14,remove_image,16.31578947368421,3750196.5454545454,430368.0
4,15,remove_image,17.0,3750797.1666666665,621197.0
4,16,remove_image,17.545454545454547,3758131.8518518517,626747.0
4,17,remove_image,17.941176470588236,3752826.4615384615,645268.0
4,18,remove_image,16.476190476190474,3759107.111111111,646835.0
4,19,remove_image,16.666666666666668,3758268.6666666665,612169.0
4,20,remove_image,14.176470588235293,3757363.1666666665,625808.0
4,21,remove_image,16.72222222222222,3746627.8620689656,652003.0
4,22,remove_image,17.105263157894736,3757390.1818181816,641831.0
4,23,remove_image,17.55,3758632.64,658834.0
4,24,remove_image,16.4375,3760801.4736842103,456672.0
4,25,remove_image,16.095238095238095,3756853.28,618359.0
4,26,remove_image,13.157894736842104,3760868.32,657759.0
4,27,remove_image,18.133333333333333,3779742.153846154,670881.0
4,28,remove_image,15.904761904761905,3760867.2592592593,660831.0
4,29,remove_image,17.2,3761018.6666666665,630798.0
4,30,remove_image,18.294117647058822,3768672.8333333335,613832.0
4,31,remove_image,16.272727272727273,3772888.96,647956.0
4,32,remove_image,18.642857142857142,3770468.1904761903,449476.0
4,33,remove_image,14.647058823529411,3771334.947368421,524800.0
4,34,remove_image,16.80952380952381,3779685.6296296297,608807.0
4,35,remove_image,17.857142857142858,3792723.4482758623,688168.0
4,36,remove_image,13.052631578947368,3787115.52,645113.0
4,37,remove_image,13.238095238095237,3774537.9310344825,602424.0
4,38,remove_image,12.68421052631579,3780083.076923077,616094.0
4,39,remove_image,16.0,3780227.52,619197.0
4,40,remove_image,13.222222222222221,3773927.8333333335,604737.0
4,41,remove_image,17.15,3785024.8,647363.0
4,42,remove_image,14.157894736842104,3785714.4,644073.0
4,43,remove_image,15.545454545454545,3782923.5,603000.0
4,44,remove_image,14.818181818181818,3784120.48,660331.0
4,45,remove_image,13.277777777777779,3787518.5,575134.0
4,46,remove_image,14.0,3793551.3333333335,639555.0
4,47,remove_image,16.105263157894736,3803248.4615384615,588023.0
4,48,remove_image,12.85,3793876.64,639163.0
4,49,remove_image,16.57894736842105,3783067.3333333335,604001.0
4,50,remove_image,15.0,3797624.48,610496.0
4,51,remove_image,16.944444444444443,3795272.8571428573,575545.0
4,52,remove_image,16.5,3798660.769230769,655561.0
4,53,remove_image,18.11111111111111,3796775.6666666665,613835.0
4,54,remove_image,13.055555555555555,3780326.1666666665,603497.0
4,55,remove_image,13.722222222222221,3794001.28,658789.0
4,56,remove_image,16.2,3799198.4,619200.0
4,57,remove_image,18.823529411764707,3805467.68,609831.0
4,58,remove_image,15.333333333333334,3809492.16,610667.0
4,59,remove_image,13.277777777777779,3781494.6666666665,600889.0
4,60,remove_image,17.22222222222222,3812102.3333333335,640164.0
4,61,remove_image,15.294117647058824,3797163.3684210526,619837.0
4,62,remove_image,16.76923076923077,3815947.1666666665,605041.0
4,63,remove_image,17.15,3818554.1666666665,659000.0
4,64,remove_image,17.0,3807259.230769231,600114.0
4,65,remove_image,18.941176470588236,3819581.12,633638.0
4,66,remove_image,14.523809523809524,3825792.7407407407,629656.0
4,67,remove_image,14.6,3820464.8333333335,633349.0
4,68,remove_image,15.5,3832351.8333333335,622991.0
4,69,remove_image,16.0,3841951.703703704,619200.0
4,70,remove_image,17.333333333333332,3845755.04,633958.0
4,71,remove_image,14.555555555555555,3847687.04,618397.0
4,72,remove_image,17.210526315789473,3852813.4814814813,625935.0
4,73,remove_image,16.75,3856158.5,602792.0
4,74,remove_image,13.19047619047619,3850585.230769231,613555.0
4,75,remove_image,17.0,3855300.296296296,711218.0
4,76,remove_image,12.904761904761905,3866622.923076923,622838.0
4,77,remove_image,16.3,3850929.076923077,657034.0
4,78,remove_image,17.75,3846393.76,628932.0
4,79,remove_image,17.526315789473685,3849574.769230769,639169.0
4,80,remove_image,17.9375,3843018.5,572773.0
4,81,remove_image,14.133333333333333,3848761.8333333335,589668.0
4,82,remove_image,14.555555555555555,3852234.88,608897.0
4,83,remove_image,14.058823529411764,3849775.6666666665,606696.0
4,84,remove_image,14.117647058823529,3853463.3333333335,601570.0
4,85,remove_image,17.23076923076923,3853067.6666666665,626668.0
4,86,remove_image,16.0,3861453.1666666665,609332.0
4,87,remove_image,18.846153846153847,3861163.238095238,530349.0
4,88,remove_image,13.368421052631579,3869421.8333333335,598787.0
4,89,remove_image,17.15,3864351.68,633004.0
4,90,remove_image,14.941176470588236,3881412.0,606382.0
4,91,remove_image,14.61111111111111,3885666.1428571427,630294.0
4,92,remove_image,18.666666666666668,3867815.407407407,645750.0
4,93,remove_image,17.473684210526315,3871875.8333333335,598837.0
4,94,remove_image,17.25,3876585.230769231,617497.0
4,95,remove_image,13.05,3870927.2,632698.0
4,96,remove_image,14.944444444444445,3868770.5,599134.0
4,97,remove_image,13.555555555555555,3874228.8333333335,678833.0
4,98,remove_image,16.88,3897734.4285714286,609832.0
4,99,remove_image,17.157894736842106,3876777.0,581333.0
4,100,remove_image,15.652173913043478,3886861.76,604833.0
8,1,remove_image,14.894736842105264,3885233.44,613600.0
8,2,remove_image,17.428571428571427,3888479.846153846,615338.0
8,3,remove_image,14.533333333333333,3879677.1666666665,610331.0
8,4,remove_image,16.263157894736842,3874745.6296296297,643446.0
8,5,remove_image,16.736842105263158,3887365.3333333335,576755.0
8,6,remove_image,13.666666666666666,3888335.703703704,642165.0
8,7,remove_image,17.157894736842106,3878776.5,606168.0
8,8,remove_image,16.857142857142858,3906060.0,635163.0
8,9,remove_image,13.857142857142858,3891693.846153846,606726.0
8,10,remove_image,15.631578947368421,3906424.0,614397.0
8,11,remove_image,17.904761904761905,3901666.3333333335,607166.0
8,12,remove_image,15.5,3898479.84,653548.0
8,13,remove_image,16.35,3897574.3333333335,606001.0
8,14,remove_image,13.666666666666666,3902174.72,600145.0
8,15,remove_image,19.142857142857142,3893596.769230769,624171.0
8,16,remove_image,13.736842105263158,3899809.44,647837.0
8,17,remove_image,12.947368421052632,3905263.6666666665,599070.0
8,18,remove_image,16.3,3907891.5384615385,611600.0
8,19,remove_image,15.35,3909888.3333333335,595034.0
8,20,remove_image,16.8,3901160.3333333335,599737.0
8,21,remove_image,17.77777777777778,3901978.5,597664.0
8,22,remove_image,17.08695652173913,3904733.714285714,604467.0
8,23,remove_image,12.857142857142858,3906994.88,602667.0
8,24,remove_image,12.68421052631579,3912192.6666666665,603665.0
8,25,remove_image,16.82608695652174,3925875.8518518517,582567.0
8,26,remove_image,15.052631578947368,3916708.8,611200.0
8,27,remove_image,16.5,3919445.28,641169.0
8,28,remove_image,17.41176470588235,3923035.846153846,627726.0
8,29,remove_image,18.210526315789473,3932296.923076923,567892.0
8,30,remove_image,15.869565217391305,3945235.5555555555,621668.0
8,31,remove_image,17.25,3930683.52,639669.0
8,32,remove_image,18.41176470588235,3917119.6666666665,566032.0
8,33,remove_image,13.578947368421053,3921469.285714286,621167.0
8,34,remove_image,14.9375,3928117.12,602918.0
8,35,remove_image,14.75,3942644.8571428573,587376.0
8,36,remove_image,17.941176470588236,3939334.5,604165.0
8,37,remove_image,17.15,3925805.8333333335,596959.0
8,38,remove_image,16.238095238095237,3931201.3846153845,608800.0
8,39,remove_image,14.11111111111111,3943584.0,630760.0
8,40,remove_image,15.4375,3937218.3333333335,588791.0
8,41,remove_image,16.80952380952381,3940791.36,629169.0
8,42,remove_image,14.3,3934157.12,608800.0
8,43,remove_image,14.45,3942841.1666666665,610398.0
8,44,remove_image,16.523809523809526,3948364.923076923,603681.0
8,45,remove_image,14.052631578947368,3948986.4,654336.0
8,46,remove_image,14.588235294117647,3955344.8333333335,598474.0
8,47,remove_image,13.75,3962238.0,612263.0
8,48,remove_image,13.61111111111111,3956984.1666666665,622175.0
8,49,remove_image,15.578947368421053,3957268.32,611598.0
8,50,remove_image,15.555555555555555,3951571.6666666665,608400.0
8,51,remove_image,16.714285714285715,3947537.6,637093.0
8,52,remove_image,18.0,3960119.2,608048.0
8,53,remove_image,16.61904761904762,3966977.12,634930.0
8,54,remove_image,18.933333333333334,3957546.8,545173.0
8,55,remove_image,14.529411764705882,3953443.6666666665,605777.0
8,56,remove_image,13.31578947368421,3963810.4,628531.0
8,57,remove_image,19.8,3950756.6666666665,605666.0
8,58,remove_image,18.466666666666665,3965686.153846154,711522.0
8,59,remove_image,18.75,3957698.56,582153.0
8,60,remove_image,16.952380952380953,3968389.6,624836.0
8,61,remove_image,17.736842105263158,3963479.68,602307.0
8,62,remove_image,16.2,3954994.8333333335,581997.0
8,63,remove_image,22.714285714285715,3985964.714285714,606000.0
8,64,remove_image,13.294117647058824,3973488.3333333335,600030.0
8,65,remove_image,17.210526315789473,3979978.5,628830.0
8,66,remove_image,15.826086956521738,3961387.076923077,630850.0
8,67,remove_image,16.05,3977464.153846154,592503.0
8,68,remove_image,23.0,3990455.230769231,608398.0
8,69,remove_image,15.058823529411764,3981788.64,634055.0
8,70,remove_image,16.40909090909091,3972284.5,575833.0
8,71,remove_image,14.058823529411764,3987368.5,607807.0
8,72,remove_image,15.142857142857142,3990344.48,608000.0
8,73,remove_image,15.0,3981001.5,608302.0
8,74,remove_image,16.68,4011940.8571428573,567476.0
8,75,remove_image,16.533333333333335,3999591.04,624831.0
8,76,remove_image,14.625,3997498.24,642624.0
8,77,remove_image,14.444444444444445,3981268.32,632067.0
8,78,remove_image,17.863636363636363,3997856.275862069,635832.0
8,79,remove_image,14.526315789473685,3993617.4285714286,568019.0
8,80,remove_image,14.75,3988251.2,623828.0
8,81,remove_image,16.25,3999274.24,630763.0
8,82,remove_image,15.5,4007818.8571428573,616096.0
8,83,remove_image,13.722222222222221,3996165.76,619937.0
8,84,remove_image,16.842105263157894,3993564.8,621499.0
8,85,remove_image,15.545454545454545,3996746.24,633190.0
8,86,remove_image,18.1,4000118.24,575535.0
8,87,remove_image,13.26086956521739,3991146.4285714286,591452.0
8,88,remove_image,15.277777777777779,4000574.56,620553.0
8,89,remove_image,14.0625,3997492.6666666665,602832.0
8,90,remove_image,16.703703703703702,4004428.714285714,562835.0
8,91,remove_image,15.428571428571429,4005321.3333333335,611869.0
8,92,remove_image,17.26086956521739,4008473.230769231,631004.0
8,93,remove_image,14.823529411764707,4009676.0,627200.0
8,94,remove_image,16.333333333333332,4001693.185185185,700614.0
8,95,remove_image,17.36842105263158,4014853.076923077,606795.0
8,96,remove_image,13.38888888888889,4020317.0,641334.0
8,97,remove_image,14.235294117647058,4010113.777777778,596293.0
8,98,remove_image,14.666666666666666,3995693.1428571427,579457.0
8,99,remove_image,19.647058823529413,4020110.72,630236.0
8,100,remove_image,13.529411764705882,4021938.88,593924.0
1,23,start,16.5,4421221.6,7252705.0
1,25,start,22.153846153846153,4415420.428571428,14026529.0
1,58,start,21.0,4438050.666666667,4667.0
2,34,start,19.94736842105263,4515669.948717949,13239365.0
2,41,start,,4527668.0,2667.0
2,42,start,25.5,4516945.333333333,14502.0
2,57,start,27.142857142857142,4544412.0,396330.0
2,90,start,18.0,4572882.387096774,15349459.0
2,91,start,10.0,4559820.0,2333.0
4,1,start,25.25,4595207.333333333,8326.0
4,2,start,22.0,4602364.0,2333.0
4,3,start,28.285714285714285,4595224.266666667,18832.0
4,4,start,21.0,4608675.6,11666.0
4,6,start,17.166666666666668,4599915.142857143,9750.0
4,9,start,18.0,4605910.285714285,5833.0
4,10,start,19.5,4619309.333333333,12800.0
4,13,start,21.875,4606555.0,11666.0
4,15,start,22.0,4616100.444444444,11500.0
4,16,start,26.5,4626294.5,10404.0
4,17,start,19.0,4614066.0,0.0
4,18,start,20.0,4625135.555555556,9666.0
4,19,start,24.272727272727273,4612212.923076923,16466.0
4,20,start,22.24137931034483,4642045.950738916,24318260.0
4,21,start,27.6,4615000.0,2333.0
4,22,start,23.0,4622199.2,15200.0
4,23,start,22.714285714285715,4613552.0,10141.0
4,25,start,15.2,4621705.333333333,5500.0
4,27,start,24.666666666666668,4629734.666666667,8300.0
4,28,start,21.11842105263158,4637045.401459854,12702322.0
4,30,start,26.166666666666668,4620635.333333333,8167.0
4,33,start,27.17391304347826,4641557.756097561,7095658.0
4,35,start,21.5,4637573.333333333,8400.0
4,36,start,29.142857142857142,4636999.428571428,12166.0
4,37,start,15.5,4631918.0,5500.0
4,38,start,12.75,4637644.5,7989.0
4,39,start,24.375,4650397.0,16666.0
4,40,start,27.833333333333332,4642814.666666667,9333.0
4,41,start,20.90909090909091,4646964.0,16642.0
4,43,start,25.0,4645068.8,5833.0
4,45,start,21.75,4643410.0,7500.0
4,47,start,29.125,4657622.0,134660.0
4,48,start,49.0,4646412.0,5846.0
4,49,start,18.428571428571427,4656228.0,6833.0
4,51,start,26.166666666666668,4643369.2,11370.0
4,52,start,16.666666666666668,4651062.0,9333.0
4,53,start,15.5,4648824.0,5656.0
4,55,start,29.25,4659500.0,11934.0
4,59,start,22.25,4655258.666666667,11200.0
4,63,start,14.833333333333334,4668031.5,8166.0
4,65,start,26.75,4683976.5,14999.0
4,68,start,18.714285714285715,4690868.0,11309.0
4,69,start,15.125,4689922.909090909,8910.0
4,70,start,20.5,4698725.6,4333.0
4,72,start,13.333333333333334,4699717.0,3500.0
4,73,start,17.916666666666668,4695689.5,16500.0
4,74,start,17.666666666666668,4714566.0,5500.0
4,75,start,14.0,4691456.0,2800.0
4,76,start,26.7,4705360.4,16166.0
4,77,start,33.333333333333336,4697382.666666667,8250.0
4,79,start,35.42857142857143,4707563.428571428,16033.0
4,80,start,22.625,4710817.777777778,13833.0
4,81,start,31.166666666666668,4699385.333333333,7933.0
4,83,start,23.0,4709488.8,2333.0
4,85,start,18.0,4713064.0,4333.0
4,86,start,20.0,4718100.0,4333.0
4,87,start,21.46031746031746,4729504.4878048785,12591808.0
4,88,start,36.333333333333336,4713672.0,5300.0
4,89,start,19.571428571428573,4709345.714285715,7987.0
4,90,start,11.0,4718365.0,3000.0
4,91,start,26.2,4717817.142857143,5833.0
4,93,start,16.666666666666668,4725870.666666667,5989.0
4,94,start,27.666666666666668,4728780.0,14749.0
4,95,start,28.5,4733069.333333333,2333.0
4,96,start,17.666666666666668,4722211.294117647,14628.0
4,98,start,22.142857142857142,4737202.461538462,11833.0
8,1,start,46.5,4778338.6,39933.0
8,2,start,43.72727272727273,4793230.833333333,38924.0
8,3,start,36.30555555555556,4809457.189189189,47332.0
8,4,start,38.8,4790878.9677419355,49926.0
8,5,start,37.26470588235294,4787545.6,43274.0
8,6,start,44.42857142857143,4758377.142857143,27642.0
8,7,start,52.3,4787384.6,81117.0
8,8,start,34.54545454545455,4794435.151515151,117493.0
8,9,start,43.23809523809524,4786063.652173913,43832.0
8,10,start,44.0,4800805.333333333,50533.0
8,11,start,42.51724137931034,4806448.266666667,52801.0
8,12,start,42.42307692307692,4805347.407407408,52878.0
8,13,start,38.86046511627907,4811144.090909091,102868.0
8,14,start,35.51851851851852,4814808.266666667,46700.0
8,15,start,33.73809523809524,4808910.857142857,49166.0
8,16,start,44.91304347826087,4804563.166666667,47115.0
8,17,start,43.25,4824071.222222222,42812.0
8,18,start,42.0,4785141.0,4000.0
8,19,start,36.370370370370374,4804140.8,47474.0
8,20,start,51.333333333333336,4793298.666666667,12308.0
8,22,start,38.10344827586207,4808801.733333333,49409.0
8,23,start,43.857142857142854,4793225.142857143,27879.0
8,24,start,60.5,4795171.111111111,19615.0
8,25,start,44.72,4816992.16,50980.0
8,26,start,33.75,4806800.0,0.0
8,27,start,43.53846153846154,4818088.461538462,48531.0
8,28,start,41.333333333333336,4822958.451612903,54243.0
8,29,start,47.206896551724135,4828078.8,77263.0
8,30,start,41.18181818181818,4821852.352941177,47943.0
8,31,start,41.333333333333336,4813464.0,20102.0
8,32,start,46.2,4837715.384615385,59078.0
8,33,start,39.291666666666664,4827322.333333333,41462.0
8,34,start,42.03703703703704,4829263.259259259,54565.0
8,35,start,41.95652173913044,4842648.48,43415.0
8,36,start,47.0,4830739.0,139496.0
8,37,start,37.31578947368421,4833926.051282051,57101.0
8,38,start,35.392857142857146,4829317.517241379,40299.0
8,39,start,42.26086956521739,4834748.285714285,52239.0
8,40,start,41.58620689655172,4840797.655172414,49330.0
8,41,start,33.794117647058826,4849197.05882353,49671.0
8,42,start,49.333333333333336,4848187.454545454,56599.0
8,43,start,39.354838709677416,4855525.212121212,57211.0
8,44,start,35.0,4856125.88,6408927.0
8,45,start,34.166666666666664,4828778.666666667,8167.0
8,46,start,34.08108108108108,4848356.065040651,7905836.0
8,47,start,40.638888888888886,4861345.263157895,102693.0
8,48,start,37.214285714285715,4850889.571428572,51711.0
8,49,start,38.96363636363636,4863026.376811594,1387633.0
8,50,start,39.74285714285714,4856231.0,57851.0
8,51,start,45.0,4828022.0,0.0
8,52,start,45.61904761904762,4847474.363636363,41996.0
8,53,start,38.696969696969695,4849419.2727272725,51344.0
8,54,start,38.666666666666664,4841658.222222222,13300.0
8,55,start,44.18518518518518,4867522.482758621,50587.0
8,56,start,34.629629629629626,4875110.428571428,47099.0
8,57,start,41.8,4861555.692307692,57146.0
8,58,start,38.75,4865408.875,53772.0
8,59,start,49.148148148148145,4872935.703703703,52304.0
8,60,start,55.6,4843874.8,22000.0
8,61,start,35.97222222222222,4860059.567567567,63847.0
8,62,start,35.4,4874576.324324325,50581.0
8,63,start,36.05714285714286,4865166.736842105,56764.0
8,64,start,44.36,4860216.96,49332.0
8,65,start,39.588235294117645,4878214.514285714,56190.0
8,66,start,59.888888888888886,4855257.333333333,56681.0
8,67,start,31.594594594594593,4877127.785714285,8013981.0
8,68,start,32.0,4835520.0,2154.0
8,69,start,40.310344827586206,4881689.29032258,48854.0
8,70,start,42.166666666666664,4876635.076923077,48479.0
8,71,start,38.875,4884341.185185186,48456.0
8,72,start,37.71875,4895624.121212121,60227.0
8,73,start,39.26923076923077,4893285.62962963,47203.0
8,74,start,51.5,4861745.5,24616.0
8,75,start,37.5,4874222.714285715,48889.0
8,76,start,33.625,4880240.96969697,61271.0
8,77,start,35.54545454545455,4886056.352941177,53026.0
8,78,start,42.74074074074074,4898419.285714285,91193.0
8,79,start,35.83870967741935,4882807.151515151,60046.0
8,80,start,50.94736842105263,4878542.2,51189.0
8,81,start,48.04545454545455,4891649.666666667,57215.0
8,82,start,61.473684210526315,4895459.7894736845,49680.0
8,83,start,41.9,4902524.0,57801.0
8,84,start,39.114285714285714,4902409.7894736845,55099.0
8,85,start,39.0,4897730.064516129,52843.0
8,86,start,30.952380952380953,4906659.228070175,6668406.0
8,87,start,44.72727272727273,4905307.2727272725,114792.0
8,88,start,34.03030303030303,4917580.235294118,50314.0
8,89,start,43.785714285714285,4904079.428571428,59423.0
8,90,start,37.36363636363637,4915497.090909091,54505.0
8,91,start,37.375,4910716.0,112269.0
8,92,start,39.34782608695652,4909048.5,46400.0
8,93,start,30.352941176470587,4909094.162162162,48253.0
8,94,start,45.592592592592595,4906129.24137931,55319.0
8,95,start,38.18181818181818,4910142.352941177,54926.0
8,96,start,37.55882352941177,4924617.578947368,55682.0
8,97,start,37.54838709677419,4916279.5,52262.0
8,98,start,46.107142857142854,4910724.285714285,48883.0
8,99,start,39.333333333333336,4895426.666666667,16667.0
8,100,start,44.733333333333334,4923858.133333334,57320.0
1,1,stop,15.583892617449665,4566990.836363636,81009584.0
1,2,stop,17.733333333333334,4804971.929824562,1014397.0
1,3,stop,15.088709677419354,4636644.740740741,80252585.0
1,4,stop,16.613636363636363,4656101.430167598,81190373.0
1,5,stop,16.39316239316239,4679217.529411765,81338399.0
1,6,stop,18.04597701149425,4845576.342857143,29060572.0
1,7,stop,15.067796610169491,4657022.659685864,28805994.0
1,8,stop,17.094017094017094,4685069.129411764,80126575.0
1,9,stop,18.655555555555555,4818841.785714285,28434813.0
1,10,stop,16.715447154471544,4645539.833333333,80821306.0
1,11,stop,18.34065934065934,4813513.206896552,28730931.0
1,12,stop,18.65909090909091,4825005.513513514,28620645.0
1,13,stop,16.188524590163933,4668116.849162011,80807981.0
1,14,stop,16.45614035087719,4655663.852631579,81263587.0
1,15,stop,15.916030534351146,4665334.1875,80949174.0
1,16,stop,17.585365853658537,4821614.477876106,28584793.0
1,17,stop,18.315068493150687,4805018.06779661,28498360.0
1,18,stop,16.805309734513273,4678400.852459016,80905776.0
1,19,stop,16.49618320610687,4646379.577889447,80995579.0
1,20,stop,15.398305084745763,4690039.67251462,28775193.0
1,21,stop,15.24390243902439,4823366.867256637,1051133.0
1,22,stop,17.551724137931036,4688888.617142857,81238657.0
1,23,stop,15.760416666666666,4776051.633587786,28584792.0
1,24,stop,16.50925925925926,4690115.7894736845,81384345.0
1,25,stop,19.015384615384615,4782402.883720931,28656893.0
1,26,stop,16.58974358974359,4698236.98245614,79970091.0
1,27,stop,17.625,4839000.644067797,27542184.0
1,28,stop,16.11904761904762,4843670.051282051,28987932.0
1,29,stop,16.464,4688152.158192091,28798790.0
1,30,stop,17.93793103448276,4839548.817679558,80857516.0
1,31,stop,16.097345132743364,4703469.700598802,81207250.0
1,32,stop,16.672268907563026,4697817.803468208,81262620.0
1,33,stop,17.347368421052632,4851389.543307086,28677921.0
1,34,stop,19.47761194029851,4851418.107142857,28389160.0
1,35,stop,17.277227722772277,4684174.609625668,80091584.0
1,36,stop,17.0546875,4733689.051428571,80656807.0
1,37,stop,18.355555555555554,4847889.203539823,28472915.0
1,38,stop,16.338709677419356,4708906.0,81254701.0
1,39,stop,18.11627906976744,4844960.233333333,28657242.0
1,40,stop,16.911392405063292,4849791.535714285,28583992.0
1,41,stop,17.440677966101696,4704833.162790698,81383840.0
1,42,stop,16.483050847457626,4698663.825136612,80641593.0
1,43,stop,15.701754385964913,4698938.033898305,81133090.0
1,44,stop,15.108333333333333,4688362.469945355,80054736.0
1,45,stop,17.375,4857265.37037037,28590048.0
1,46,stop,17.495934959349594,4688350.183783784,81433538.0
1,47,stop,17.321428571428573,4716571.036144578,80041408.0
1,48,stop,15.021978021978022,4848033.530434783,28746511.0
1,49,stop,17.78048780487805,4840719.733333333,28486297.0
1,50,stop,18.054945054945055,4848143.01754386,28907657.0
1,51,stop,15.526785714285714,4697750.459893048,81121725.0
1,52,stop,16.11304347826087,4725258.946107784,80977979.0
1,53,stop,19.4,4845486.066666666,28492142.0
1,54,stop,15.701149425287356,4823820.585365853,28652170.0
1,55,stop,16.987951807228917,4882078.074074074,28391593.0
1,56,stop,17.072580645161292,4699728.064516129,81302941.0
1,57,stop,15.798245614035087,4716234.5536723165,81335481.0
1,58,stop,16.88372093023256,4876613.644859813,28590794.0
1,59,stop,16.573643410852714,4717096.700564972,81306854.0
1,60,stop,16.525,4714284.182857143,81052248.0
1,61,stop,15.512396694214877,4694877.9387755105,81021589.0
1,62,stop,16.41322314049587,4728031.623529412,81205403.0
1,63,stop,16.65625,4728417.1360946745,27730999.0
1,64,stop,17.523809523809526,4718452.0,81324751.0
1,65,stop,16.906976744186046,4731947.119047619,81810822.0
1,66,stop,16.04494382022472,4855654.52631579,28585190.0
1,67,stop,17.563218390804597,4834909.354330708,28584381.0
1,68,stop,16.38888888888889,4833591.1869918695,28585191.0
1,69,stop,16.834710743801654,4720528.9608938545,81299044.0
1,70,stop,17.511111111111113,4846753.606837607,17740653.0
1,71,stop,17.132231404958677,4727762.409090909,81361260.0
1,72,stop,16.25,4867111.746031746,35644007.0
1,73,stop,14.0,4739290.385964912,28835778.0
1,74,stop,16.78640776699029,4734331.9053254435,79964013.0
1,75,stop,15.64,4741461.642857143,27680801.0
1,76,stop,18.623529411764707,4888801.688073395,28750997.0
1,77,stop,15.247191011235955,4860326.344827586,28766649.0
1,78,stop,16.047619047619047,4871754.306306306,28804032.0
1,79,stop,14.694915254237289,4714958.326086956,81164028.0
1,80,stop,14.352941176470589,4713124.241758241,70161746.0
1,81,stop,14.534722222222221,4704635.020833333,81358486.0
1,82,stop,17.967032967032967,4891043.6460176995,28647170.0
1,83,stop,16.362068965517242,4723618.601092896,79926840.0
1,84,stop,16.9811320754717,4727711.827027027,80751096.0
1,85,stop,14.625,4737609.271676301,28711199.0
1,86,stop,16.383333333333333,4755222.457831325,81544847.0
1,87,stop,18.46590909090909,4882328.689655173,28874509.0
1,88,stop,16.931623931623932,4747839.725714286,81114255.0
1,89,stop,18.42222222222222,4870709.182608696,28663389.0
1,90,stop,16.708333333333332,4891179.669724771,29050065.0
1,91,stop,15.520661157024794,4718421.131313131,81266731.0
1,92,stop,19.06779661016949,4894338.4363636365,28891573.0
1,93,stop,17.463636363636365,4759227.147928994,81052631.0
1,94,stop,15.159090909090908,4864463.796610169,28679366.0
1,95,stop,16.0,4864895.193277311,28661704.0
1,96,stop,16.802325581395348,4907234.888888889,28594848.0
1,97,stop,18.23404255319149,4889838.25210084,19479713.0
1,98,stop,18.67391304347826,4886401.368421053,28252207.0
1,99,stop,16.99074074074074,4814627.394736842,73060848.0
1,100,stop,17.9010989010989,4905536.857142857,28676317.0
2,1,stop,23.316239316239315,5063957.595238095,80398109.0
2,2,stop,24.84,5020689.967914439,81354502.0
2,3,stop,24.936842105263157,5295899.344262295,28864616.0
2,4,stop,26.03125,5265472.806451613,28859159.0
2,5,stop,25.32456140350877,5138653.868421053,28912826.0
2,6,stop,27.150537634408604,5304388.235294118,28732705.0
2,7,stop,22.93388429752066,5069082.252873563,81380982.0
2,8,stop,25.79787234042553,5295032.655737705,28550914.0
2,9,stop,28.282828282828284,5316234.819672131,28776858.0
2,10,stop,22.977941176470587,4996743.959798995,80081063.0
2,11,stop,21.872180451127818,5039531.868131869,81294344.0
2,12,stop,23.474137931034484,5137415.099337748,29092396.0
2,13,stop,24.653225806451612,5076083.4186046515,81589515.0
2,14,stop,24.171717171717173,5226592.298507462,28789688.0
2,15,stop,25.896907216494846,5273511.523809524,28685181.0
2,16,stop,26.21505376344086,5313640.302521008,28846188.0
2,17,stop,23.903225806451612,5039266.486486486,81183964.0
2,18,stop,25.19148936170213,5280331.213114754,1128794.0
2,19,stop,23.125,5103485.445783133,28895578.0
2,20,stop,23.933823529411764,5104359.263157895,81070768.0
2,21,stop,25.343434343434343,5308860.098360656,28643775.0
2,22,stop,24.495575221238937,5145078.810126582,28981584.0
2,23,stop,23.710743801652892,5153627.688311689,76917743.0
2,24,stop,26.852631578947367,5320114.479338843,28664798.0
2,25,stop,22.880597014925375,5095863.313609468,79500267.0
2,26,stop,24.491071428571427,5161073.456953642,28895601.0
2,27,stop,24.109375,5087281.609195402,81405699.0
2,28,stop,28.085106382978722,5303039.772357724,28772881.0
2,29,stop,21.859154929577464,4946026.64957265,81105561.0
2,30,stop,25.68686868686869,5290206.38167939,28665426.0
2,31,stop,26.125,5271842.19047619,28670379.0
2,32,stop,23.22047244094488,5065780.782608695,81010143.0
2,33,stop,24.69465648854962,5056707.847826087,81209935.0
2,34,stop,28.326315789473686,5285239.464566929,28707225.0
2,35,stop,26.041666666666668,5281798.11023622,28699589.0
2,36,stop,27.53061224489796,5246957.984962406,28887952.0
2,37,stop,27.284313725490197,5313935.636363637,28652779.0
2,38,stop,25.534653465346533,5332026.5625,29556333.0
2,39,stop,28.083333333333332,5280597.102362204,28622777.0
2,40,stop,23.141732283464567,5033128.6122448975,81265595.0
2,41,stop,18.489795918367346,4778493.054545455,81176364.0
2,42,stop,27.96875,5289131.904761905,28664192.0
2,43,stop,23.536,5063702.369565218,79955436.0
2,44,stop,19.123762376237625,4773807.325740319,81126687.0
2,45,stop,23.603174603174605,5079836.154696133,78763652.0
2,46,stop,28.34285714285714,5385232.676923077,38694649.0
2,47,stop,18.689497716894977,4798471.051020408,81128083.0
2,48,stop,18.870466321243523,4762559.546840958,81095082.0
2,49,stop,19.566666666666666,4802980.53619303,79931791.0
2,50,stop,27.08910891089109,5277780.892307692,28784017.0
2,51,stop,23.532258064516128,5108172.568047337,75983780.0
2,52,stop,25.67676767676768,5312511.714285715,28720572.0
2,53,stop,27.505494505494507,5365095.118644068,28686794.0
2,54,stop,27.35,5329292.838709678,28798723.0
2,55,stop,24.01492537313433,5075643.337016575,79193412.0
2,56,stop,23.519083969465647,5073546.157068063,81009330.0
2,57,stop,24.663366336633665,5288972.738461538,28689248.0
2,58,stop,23.3984375,5046084.36923077,80030682.0
2,59,stop,19.995652173913044,4805355.05511811,80275142.0
2,60,stop,19.2,4822486.804232804,81121566.0
2,61,stop,24.716666666666665,5156205.825,53794356.0
2,62,stop,23.814814814814813,5206376.322147651,23737591.0
2,63,stop,24.51,5308207.415384616,2112799.0
2,64,stop,22.03846153846154,5150871.146341464,28967524.0
2,65,stop,25.350515463917525,5344504.451612903,2113197.0
2,66,stop,24.046875,5302006.725,28849988.0
2,67,stop,24.55263157894737,5188113.29032258,28912896.0
2,68,stop,22.33582089552239,5075899.455497382,81234097.0
2,69,stop,27.301075268817204,5324902.666666667,28682782.0
2,70,stop,22.732758620689655,5173983.577639751,28919048.0
2,71,stop,24.658536585365855,5272930.68,81108083.0
2,72,stop,25.989795918367346,5320252.755905512,28670384.0
2,73,stop,27.642105263157895,5326121.408,28746800.0
2,74,stop,25.515463917525775,5289688.763358778,28465648.0
2,75,stop,25.648936170212767,5317168.064,28874095.0
2,76,stop,27.926315789473684,5337056.455284553,28534601.0
2,77,stop,20.138297872340427,4806161.555035129,79574607.0
2,78,stop,22.81512605042017,5132469.165714285,28367032.0
2,79,stop,22.217391304347824,5165006.236024844,28884329.0
2,80,stop,28.127659574468087,5365271.666666667,28761040.0
2,81,stop,25.858585858585858,5349163.84,28659992.0
2,82,stop,15.937106918238994,4743711.272108844,79957529.0
2,83,stop,21.060606060606062,5078022.117647059,62705307.0
2,84,stop,26.262626262626263,5318914.34375,618381.0
2,85,stop,25.5,5377418.4186046515,8098722.0
2,86,stop,19.825,4892716.528301887,28946372.0
2,87,stop,25.54736842105263,5383299.186440678,591200.0
2,88,stop,27.46923076923077,5466801.50617284,14485885.0
2,89,stop,22.422680412371133,5333187.25,594400.0
2,90,stop,21.546762589928058,4978384.663967611,28829573.0
2,91,stop,19.144144144144143,4845804.373056995,77426917.0
2,92,stop,19.570621468926554,4911269.341463415,45057193.0
2,93,stop,26.73643410852713,5452378.918238994,8409822.0
2,94,stop,22.82442748091603,5028603.119266055,28932786.0
2,95,stop,17.895,4782068.561122244,74173758.0
2,96,stop,26.463917525773194,5349875.488,578800.0
2,97,stop,25.34313725490196,5397477.714285715,12217985.0
2,98,stop,17.386934673366834,4820774.37962963,81176370.0
2,99,stop,18.071428571428573,4785564.5298507465,80097145.0
2,100,stop,21.084967320261438,4920667.829508197,28939176.0
4,1,stop,26.163793103448278,6096978.987012987,597200.0
4,2,stop,28.02803738317757,6055799.44055944,757700.0
4,3,stop,28.016806722689076,6154003.2602739725,28003615.0
4,4,stop,27.304347826086957,5991017.641025641,6238116.0
4,5,stop,20.246305418719214,5115674.89532294,81267436.0
4,6,stop,27.252100840336134,6102780.72,9669999.0
4,7,stop,25.285714285714285,5939565.435897436,784400.0
4,8,stop,27.410714285714285,6049719.694444444,748300.0
4,9,stop,18.97966101694915,5165120.629213483,80312467.0
4,10,stop,24.541284403669724,6076450.507042253,775599.0
4,11,stop,25.504273504273506,5857052.646706587,618000.0
4,12,stop,21.260115606936417,5303580.867924528,29132374.0
4,13,stop,24.037735849056602,5981354.791946309,692935.0
4,14,stop,19.785087719298247,5160526.727710843,47843938.0
4,15,stop,21.97165991902834,5365856.599033817,79885633.0
4,16,stop,20.122905027932962,5441404.839694656,29057980.0
4,17,stop,25.885245901639344,6106750.692307692,9611496.0
4,18,stop,19.56,5080313.261477046,80265171.0
4,19,stop,25.626168224299064,6043911.833333333,636000.0
4,20,stop,26.24770642201835,5976569.706666667,575466.0
4,21,stop,26.324324324324323,6025921.798657718,602100.0
4,22,stop,27.229007633587788,6092299.8292682925,24938092.0
4,23,stop,23.941666666666666,5993270.732919254,638533.0
4,24,stop,23.9,5829311.624309393,28221855.0
4,25,stop,27.570093457943926,6073835.891156463,8133823.0
4,26,stop,18.003355704697988,4956973.238095238,80334314.0
4,27,stop,23.836206896551722,6015460.529801325,765597.0
4,28,stop,27.37962962962963,5988340.394736842,419632.0
4,29,stop,23.12142857142857,5623353.872727273,54243435.0
4,30,stop,27.126126126126128,5989950.97368421,941631.0
4,31,stop,18.28716216216216,5022173.60661157,80360624.0
4,32,stop,20.596774193548388,5401463.569444444,29065981.0
4,33,stop,24.0234375,5788190.207650273,28842408.0
4,34,stop,22.242152466367713,5586333.3297002725,29150237.0
4,35,stop,26.880733944954127,6034460.72972973,712500.0
4,36,stop,23.64748201438849,5590466.951111111,29130788.0
4,37,stop,26.875,6059654.482758621,648800.0
4,38,stop,19.61637931034483,5180543.304761905,81231319.0
4,39,stop,23.057553956834532,5640308.055299539,29139614.0
4,40,stop,25.327272727272728,6137519.828571429,683200.0
4,41,stop,20.092307692307692,5317661.963636364,29137172.0
4,42,stop,20.427884615384617,5340028.582043343,29106102.0
4,43,stop,26.144144144144143,6049225.605442177,612800.0
4,44,stop,19.0,5105652.183632734,80679657.0
4,45,stop,25.267241379310345,6028437.562913908,767600.0
4,46,stop,27.36936936936937,5980280.987341772,836909.0
4,47,stop,27.339622641509433,6097953.972222222,619600.0
4,48,stop,25.824074074074073,6064729.756756756,768799.0
4,49,stop,27.743243243243242,6281276.5649717515,5623891.0
4,50,stop,25.66115702479339,6091653.051282051,9223864.0
4,51,stop,27.614035087719298,6107114.0,898400.0
4,52,stop,25.53153153153153,6133003.314285714,938396.0
4,53,stop,27.101796407185628,6187393.714285715,7148893.0
4,54,stop,20.081632653061224,5358662.825,29134376.0
4,55,stop,26.954128440366972,6107792.737588652,888900.0
4,56,stop,19.70408163265306,5348907.554179567,29126005.0
4,57,stop,20.6242774566474,5501781.655172414,29119979.0
4,58,stop,20.630434782608695,5346635.757575758,29117574.0
4,59,stop,26.936363636363637,6077386.356164384,922395.0
4,60,stop,20.44090909090909,5243760.383419689,80492122.0
4,61,stop,24.05128205128205,5499120.670807454,29128308.0
4,62,stop,26.398230088495577,6108258.45751634,797598.0
4,63,stop,24.431192660550458,6064713.189189189,782300.0
4,64,stop,23.508928571428573,6013718.311688311,575600.0
4,65,stop,20.93888888888889,5331298.789317507,32169170.0
4,66,stop,26.272727272727273,6031905.842105263,288800.0
4,67,stop,27.054545454545455,6111495.862068965,552400.0
4,68,stop,18.16551724137931,5111793.248175182,80214744.0
4,69,stop,26.235294117647058,6206798.456140351,8785553.0
4,70,stop,21.832,5767375.08,691131.0
4,71,stop,20.201005025125628,5349907.918128655,29075973.0
4,72,stop,26.20754716981132,6185536.057142857,1177996.0
4,73,stop,17.904411764705884,5140190.600382409,72692572.0
4,74,stop,27.220183486238533,6183510.070921985,6442765.0
4,75,stop,25.80952380952381,6128406.731034483,765900.0
4,76,stop,28.32758620689655,6194226.8,6422330.0
4,77,stop,26.28448275862069,6225303.2894736845,931200.0
4,78,stop,25.163636363636364,6183045.171428571,271200.0
4,79,stop,24.920353982300885,6178046.3513513515,601197.0
4,80,stop,27.0,6154105.671232876,642800.0
4,81,stop,28.223776223776223,6231269.828571429,11407428.0
4,82,stop,19.42608695652174,5181726.451612903,81431945.0
4,83,stop,27.135,6443122.4279475985,11265136.0
4,84,stop,20.274111675126903,5386285.341463415,29047577.0
4,85,stop,25.455357142857142,6173190.293706294,687200.0
4,86,stop,27.08256880733945,6127099.475862069,637500.0
4,87,stop,24.92792792792793,6148350.75,7042774.0
4,88,stop,27.916083916083917,6392551.674418605,7701806.0
4,89,stop,25.06040268456376,6224722.426229509,9141621.0
4,90,stop,23.20353982300885,6042414.394904459,745101.0
4,91,stop,26.336363636363636,6168111.861111111,872000.0
4,92,stop,21.363636363636363,5418323.435736677,28371524.0
4,93,stop,27.145454545454545,6153696.916666667,296400.0
4,94,stop,24.24770642201835,6088955.84,845999.0
4,95,stop,26.93859649122807,6217642.993197279,7771195.0
4,96,stop,18.346774193548388,5127399.273368606,80489511.0
4,97,stop,25.530434782608694,6108086.1635220125,878800.0
4,98,stop,26.00925925925926,6103091.060402685,893197.0
4,99,stop,24.736842105263158,6329842.5121951215,9714943.0
4,100,stop,21.457142857142856,5372212.034090909,31447568.0
8,1,stop,27.446511627906975,6657970.955223881,25527897.0
8,2,stop,27.612403100775193,6343062.373626374,1219533.0
8,3,stop,27.204545454545453,6316111.784946237,944800.0
8,4,stop,27.055172413793102,6422389.218274112,944537.0
8,5,stop,23.504901960784313,5776711.270655271,29293916.0
8,6,stop,22.686363636363637,5727733.255555555,29380098.0
8,7,stop,22.303964757709252,5691886.691689008,29295858.0
8,8,stop,28.45985401459854,6438275.294117647,962855.0
8,9,stop,27.595744680851062,6479385.530054645,957133.0
8,10,stop,26.165354330708663,6396148.9772727275,851199.0
8,11,stop,21.63948497854077,5753056.4772727275,29343024.0
8,12,stop,27.08092485549133,6641753.920704846,4072814.0
8,13,stop,26.86764705882353,6426740.592592592,972700.0
8,14,stop,26.023076923076925,6290128.042780749,1224000.0
8,15,stop,27.862745098039216,6508620.2513089,1024197.0
8,16,stop,18.739938080495357,5310393.588148148,80510725.0
8,17,stop,27.8515625,6342883.695652174,1208000.0
8,18,stop,21.84285714285714,5723205.540229885,29363576.0
8,19,stop,20.861940298507463,5441513.146853147,80623438.0
8,20,stop,22.447115384615383,5740637.654794521,29442042.0
8,21,stop,23.15820895522388,5792926.622710623,81373753.0
8,22,stop,24.317865429234338,6041731.794117647,66807129.0
8,23,stop,22.682027649769584,5759465.649717514,29400800.0
8,24,stop,27.863636363636363,6470699.370786517,952399.0
8,25,stop,24.960227272727273,5973028.788321168,29340672.0
8,26,stop,23.12264150943396,5740437.558011049,29423973.0
8,27,stop,23.237536656891496,5747226.977391304,72443590.0
8,28,stop,29.117283950617285,6573888.112149533,5039363.0
8,29,stop,25.161290322580644,6386843.651162791,573198.0
8,30,stop,22.984848484848484,5775790.130311615,29380836.0
8,31,stop,24.037209302325582,5754204.85082873,29327748.0
8,32,stop,22.193037974683545,5516479.93344426,79397315.0
8,33,stop,27.532846715328468,6518372.536312849,1237909.0
8,34,stop,27.111650485436893,6934473.489878543,9146031.0
8,35,stop,29.181818181818183,6785397.266666667,5524958.0
8,36,stop,26.98901098901099,6839642.547085201,4854902.0
8,37,stop,26.733333333333334,6391070.598984771,984933.0
8,38,stop,27.6793893129771,6440603.70621469,1186396.0
8,39,stop,26.645833333333332,6389050.436548224,969954.0
8,40,stop,27.416666666666668,6869783.239819004,5732293.0
8,41,stop,25.3125,6448304.901734104,863733.0
8,42,stop,26.191176470588236,6437184.617021277,1111928.0
8,43,stop,25.861313868613138,6347139.856410257,851532.0
8,44,stop,26.444043321299638,6411393.208722741,25858416.0
8,45,stop,28.643410852713178,6536385.849710982,591178.0
8,46,stop,28.92086330935252,6509168.43715847,891676.0
8,47,stop,27.244604316546763,6563463.533333333,949600.0
8,48,stop,26.441176470588236,6451894.8852459015,929444.0
8,49,stop,26.3125,6417872.919254659,26797181.0
8,50,stop,26.274390243902438,6638334.261682243,1639882.0
8,51,stop,26.136690647482013,6494473.466666667,950154.0
8,52,stop,29.028735632183906,6771875.103139013,4446479.0
8,53,stop,29.102941176470587,6583410.305084745,908977.0
8,54,stop,23.532258064516128,5864940.819571866,29368107.0
8,55,stop,29.7680412371134,6713243.026086956,11343885.0
8,56,stop,27.290123456790123,6675615.137614679,3450254.0
8,57,stop,22.3125,5732034.706521739,29392874.0
8,58,stop,29.45108695652174,6910688.2105263155,5116139.0
8,59,stop,28.60431654676259,6500262.810810811,1206100.0
8,60,stop,21.05263157894737,5737617.875,29471906.0
8,61,stop,26.714285714285715,6576193.847715736,1024277.0
8,62,stop,26.654135338345863,6557819.794285715,1176500.0
8,63,stop,25.26027397260274,6416652.039800995,1082433.0
8,64,stop,28.341176470588234,6699939.397260274,3132731.0
8,65,stop,26.849624060150376,6425658.8852459015,1049199.0
8,66,stop,27.875912408759124,6504977.090909091,1011200.0
8,67,stop,27.19178082191781,6519254.294416243,902300.0
8,68,stop,24.305389221556887,6020953.419847328,29119983.0
8,69,stop,27.346153846153847,6544830.915254237,915732.0
8,70,stop,19.812316715542522,5534407.471947195,79882146.0
8,71,stop,26.28787878787879,6480933.179190751,1050400.0
8,72,stop,24.84313725490196,6444937.870646766,1023943.0
8,73,stop,22.28,5728757.654054054,29347472.0
8,74,stop,26.545454545454547,6443953.4463276835,674800.0
8,75,stop,28.835978835978835,6928015.451327434,5111851.0
8,76,stop,26.033333333333335,6575125.735449735,992318.0
8,77,stop,28.244318181818183,6961341.657142857,3678278.0
8,78,stop,27.8359375,6484277.691428571,650800.0
8,79,stop,27.62162162162162,6863018.303030303,4869154.0
8,80,stop,26.07246376811594,6465129.531914894,1223097.0
8,81,stop,25.0,6412139.204301075,1195967.0
8,82,stop,22.993288590604028,6190130.414096916,967532.0
8,83,stop,26.0,6486846.032786885,708400.0
8,84,stop,26.907801418439718,6594320.345945946,999532.0
8,85,stop,26.47590361445783,6633312.110599078,2216928.0
8,86,stop,27.41317365269461,6683442.756756756,841472.0
8,87,stop,26.82608695652174,6487768.713513513,982831.0
8,88,stop,28.65,6625760.243093923,978151.0
8,89,stop,28.08176100628931,6751302.640394089,2906134.0
8,90,stop,28.309352517985612,6633396.377777778,939225.0
8,91,stop,26.29530201342282,6545457.563451776,980459.0
8,92,stop,27.492227979274613,6991020.583690987,8210584.0
8,93,stop,26.095890410958905,6489687.145833333,1280111.0
8,94,stop,26.22077922077922,6673576.712041885,994959.0
8,95,stop,26.67910447761194,6670288.971098266,1204424.0
8,96,stop,26.631205673758867,6505970.053475936,1062559.0
8,97,stop,27.123655913978496,6845367.784753364,7128907.0
8,98,stop,22.360655737704917,5853280.199376947,29441284.0
8,99,stop,26.22463768115942,6502064.756756756,954866.0
8,100,stop,27.394117647058824,6694200.493150685,4806515.0
