1;1;stop_command;2024-04-14_16-32-03;10331092
1;2;stop_command;2024-04-14_16-33-36;10331104
1;3;load_command;2024-04-14_16-34-39;11103652
1;3;stop_command;2024-04-14_16-35-11;10331104
1;4;stop_command;2024-04-14_16-36-44;10331104
1;5;stop_command;2024-04-14_16-38-18;10331104
1;6;load_command;2024-04-14_16-39-20;11103652
1;6;stop_command;2024-04-14_16-39-52;10331104
1;7;load_command;2024-04-14_16-40-55;11103652
1;7;stop_command;2024-04-14_16-41-27;10331104
1;8;stop_command;2024-04-14_16-43-00;10331104
1;9;stop_command;2024-04-14_16-44-34;10331104
1;10;stop_command;2024-04-14_16-46-07;10331104
1;11;stop_command;2024-04-14_16-47-41;10331104
1;12;stop_command;2024-04-14_16-49-14;10331104
1;13;load_command;2024-04-14_16-50-16;11227808
1;13;stop_command;2024-04-14_16-50-49;10331104
1;14;load_command;2024-04-14_16-51-51;11103652
1;14;stop_command;2024-04-14_16-52-23;10331104
1;15;stop_command;2024-04-14_16-53-57;10331104
1;16;stop_command;2024-04-14_16-55-30;10331104
1;17;stop_command;2024-04-14_16-57-04;10331104
1;18;stop_command;2024-04-14_16-58-37;10331104
1;19;stop_command;2024-04-14_17-00-11;10331104
1;20;stop_command;2024-04-14_17-01-44;10331104
1;21;stop_command;2024-04-14_17-03-18;10331104
1;22;stop_command;2024-04-14_17-04-51;10331104
1;23;load_command;2024-04-14_17-05-53;11103652
1;23;stop_command;2024-04-14_17-06-26;10331104
1;24;stop_command;2024-04-14_17-07-59;10331104
1;25;load_command;2024-04-14_17-09-01;11103652
1;25;stop_command;2024-04-14_17-09-34;10331104
1;26;stop_command;2024-04-14_17-11-07;10331104
1;27;load_command;2024-04-14_17-12-09;11103652
1;27;stop_command;2024-04-14_17-12-41;10331104
1;28;stop_command;2024-04-14_17-14-15;10331104
1;29;stop_command;2024-04-14_17-15-48;10331104
1;30;stop_command;2024-04-14_17-17-22;10331104
1;31;stop_command;2024-04-14_17-18-55;10331104
1;32;stop_command;2024-04-14_17-20-29;10331104
1;33;stop_command;2024-04-14_17-22-02;10331104
1;34;stop_command;2024-04-14_17-23-36;10331104
1;35;load_command;2024-04-14_17-24-38;11103652
1;35;stop_command;2024-04-14_17-25-10;10331104
1;36;stop_command;2024-04-14_17-26-44;10331104
1;37;stop_command;2024-04-14_17-28-17;10331104
1;38;stop_command;2024-04-14_17-29-51;10331104
1;39;stop_command;2024-04-14_17-31-24;10331104
1;40;load_command;2024-04-14_17-32-26;11194992
1;40;stop_command;2024-04-14_17-32-59;10331104
1;41;load_command;2024-04-14_17-34-01;11227808
1;41;stop_command;2024-04-14_17-34-33;10331104
1;42;load_command;2024-04-14_17-35-35;11103652
1;42;stop_command;2024-04-14_17-36-07;10331104
1;43;stop_command;2024-04-14_17-37-40;10331104
1;44;stop_command;2024-04-14_17-39-14;10331104
1;45;stop_command;2024-04-14_17-40-47;10331104
1;46;stop_command;2024-04-14_17-42-21;10331104
1;47;load_command;2024-04-14_17-43-23;11103652
1;47;stop_command;2024-04-14_17-43-54;10331104
1;48;stop_command;2024-04-14_17-45-28;10331104
1;49;load_command;2024-04-14_17-46-30;11103652
1;49;stop_command;2024-04-14_17-47-02;10331108
1;50;stop_command;2024-04-14_17-48-36;10331108
1;51;stop_command;2024-04-14_17-50-09;10331112
1;52;load_command;2024-04-14_17-51-11;11205604
1;52;stop_command;2024-04-14_17-51-44;10331112
1;53;stop_command;2024-04-14_17-53-17;10331112
1;54;stop_command;2024-04-14_17-54-51;10331116
1;55;stop_command;2024-04-14_17-56-24;10331116
1;56;stop_command;2024-04-14_17-57-58;10331116
1;57;stop_command;2024-04-14_17-59-31;10331116
1;58;stop_command;2024-04-14_18-01-05;10331116
1;59;load_command;2024-04-14_18-02-07;11103664
1;59;stop_command;2024-04-14_18-02-39;10331116
1;60;load_command;2024-04-14_18-03-41;11103664
1;60;stop_command;2024-04-14_18-04-14;10331116
1;61;load_command;2024-04-14_18-05-16;11103664
1;61;stop_command;2024-04-14_18-05-48;10331116
1;62;stop_command;2024-04-14_18-07-22;10331116
1;63;stop_command;2024-04-14_18-08-55;10331116
1;64;stop_command;2024-04-14_18-10-28;10331116
1;65;load_command;2024-04-14_18-11-30;11167688
1;65;stop_command;2024-04-14_18-12-03;10331116
1;66;stop_command;2024-04-14_18-13-36;10331116
1;67;load_command;2024-04-14_18-14-38;11227820
1;67;stop_command;2024-04-14_18-15-11;10331116
1;68;stop_command;2024-04-14_18-16-44;10331116
1;69;stop_command;2024-04-14_18-18-18;10331120
1;70;stop_command;2024-04-14_18-19-51;10331120
1;71;stop_command;2024-04-14_18-21-25;10331120
1;72;stop_command;2024-04-14_18-22-58;10331120
1;73;load_command;2024-04-14_18-24-00;11197420
1;73;stop_command;2024-04-14_18-24-33;10331120
1;74;stop_command;2024-04-14_18-26-06;10339312
1;75;load_command;2024-04-14_18-27-08;11111860
1;75;stop_command;2024-04-14_18-27-40;10339312
1;76;load_command;2024-04-14_18-28-42;11177416
1;76;stop_command;2024-04-14_18-29-14;10339312
1;77;stop_command;2024-04-14_18-30-48;10339312
1;78;load_command;2024-04-14_18-31-50;11111860
1;78;stop_command;2024-04-14_18-32-22;10339312
1;79;load_command;2024-04-14_18-33-24;11111860
1;79;stop_command;2024-04-14_18-33-57;10339312
1;80;stop_command;2024-04-14_18-35-30;10339312
1;81;load_command;2024-04-14_18-36-32;11111860
1;81;stop_command;2024-04-14_18-37-05;10339312
1;82;load_command;2024-04-14_18-38-07;11111860
1;82;stop_command;2024-04-14_18-38-38;10339312
1;83;stop_command;2024-04-14_18-40-12;10339312
1;84;stop_command;2024-04-14_18-41-45;10339312
1;85;stop_command;2024-04-14_18-43-19;10339312
1;86;stop_command;2024-04-14_18-44-52;10339312
1;87;stop_command;2024-04-14_18-46-26;10339312
1;88;stop_command;2024-04-14_18-47-59;10339312
1;89;stop_command;2024-04-14_18-49-33;10339312
1;90;stop_command;2024-04-14_18-51-06;10339312
1;91;stop_command;2024-04-14_18-52-40;10339312
1;92;load_command;2024-04-14_18-53-42;11111860
1;92;stop_command;2024-04-14_18-54-14;10339312
1;93;stop_command;2024-04-14_18-55-48;10339312
1;94;stop_command;2024-04-14_18-57-21;10339312
1;95;stop_command;2024-04-14_18-58-55;10339312
1;96;load_command;2024-04-14_18-59-57;11111860
1;96;stop_command;2024-04-14_19-00-28;10339312
1;97;stop_command;2024-04-14_19-02-01;10339316
1;98;stop_command;2024-04-14_19-03-35;10339316
1;99;load_command;2024-04-14_19-04-37;11207824
1;99;stop_command;2024-04-14_19-05-09;10339320
1;100;load_command;2024-04-14_19-06-12;11111868
1;100;stop_command;2024-04-14_19-06-44;10339320
2;1;stop_command;2024-04-14_19-08-18;10339548
2;2;stop_command;2024-04-14_19-09-51;10339548
2;3;stop_command;2024-04-14_19-11-25;10339548
2;4;load_command;2024-04-14_19-12-27;11111868
2;4;stop_command;2024-04-14_19-13-00;10339548
2;5;stop_command;2024-04-14_19-14-33;10339548
2;6;stop_command;2024-04-14_19-16-07;10339552
2;7;stop_command;2024-04-14_19-17-41;10339552
2;8;stop_command;2024-04-14_19-19-14;10339552
2;9;load_command;2024-04-14_19-20-17;11111872
2;9;stop_command;2024-04-14_19-20-49;10339552
2;10;stop_command;2024-04-14_19-22-23;10339552
2;11;stop_command;2024-04-14_19-23-56;10339552
2;12;stop_command;2024-04-14_19-25-30;10339552
2;13;stop_command;2024-04-14_19-27-04;10339552
2;14;load_command;2024-04-14_19-28-06;11111872
2;14;stop_command;2024-04-14_19-28-38;10339552
2;15;stop_command;2024-04-14_19-30-12;10339552
2;16;stop_command;2024-04-14_19-31-46;10339552
2;17;stop_command;2024-04-14_19-33-19;10339552
2;18;load_command;2024-04-14_19-34-22;11111872
2;18;stop_command;2024-04-14_19-34-54;10339552
2;19;stop_command;2024-04-14_19-36-28;10339552
2;20;stop_command;2024-04-14_19-38-01;10339552
2;21;stop_command;2024-04-14_19-39-35;10339552
2;22;stop_command;2024-04-14_19-41-09;10339552
2;23;stop_command;2024-04-14_19-42-42;10339552
2;24;stop_command;2024-04-14_19-44-16;10339552
2;25;stop_command;2024-04-14_19-45-50;10339552
2;26;stop_command;2024-04-14_19-47-23;10339552
2;27;stop_command;2024-04-14_19-48-57;10339552
2;28;stop_command;2024-04-14_19-50-31;10339552
2;29;stop_command;2024-04-14_19-52-04;10339552
2;30;stop_command;2024-04-14_19-53-38;10339552
2;31;stop_command;2024-04-14_19-55-12;10339552
2;32;stop_command;2024-04-14_19-56-45;10339552
2;33;stop_command;2024-04-14_19-58-19;10339552
2;34;load_command;2024-04-14_19-59-21;11111872
2;34;stop_command;2024-04-14_19-59-54;10339552
2;35;load_command;2024-04-14_20-00-56;11111872
2;35;stop_command;2024-04-14_20-01-27;10339552
2;36;stop_command;2024-04-14_20-03-01;10339552
2;37;stop_command;2024-04-14_20-04-34;10339552
2;38;stop_command;2024-04-14_20-06-08;10339552
2;39;stop_command;2024-04-14_20-07-42;10339556
2;40;stop_command;2024-04-14_20-09-15;10339556
2;41;load_command;2024-04-14_20-10-18;11111876
2;41;stop_command;2024-04-14_20-10-50;10339556
2;42;stop_command;2024-04-14_20-12-24;10339556
2;43;stop_command;2024-04-14_20-13-58;10339556
2;44;load_command;2024-04-14_20-15-00;11231932
2;44;stop_command;2024-04-14_20-15-32;10339556
2;45;stop_command;2024-04-14_20-17-06;10339556
2;46;stop_command;2024-04-14_20-18-40;10339556
2;47;stop_command;2024-04-14_20-20-13;10339560
2;48;stop_command;2024-04-14_20-21-47;10339560
2;49;stop_command;2024-04-14_20-23-21;10339560
2;50;load_command;2024-04-14_20-24-23;11217024
2;50;stop_command;2024-04-14_20-24-55;10339560
2;51;stop_command;2024-04-14_20-26-29;10339564
2;52;stop_command;2024-04-14_20-28-03;10339564
2;53;stop_command;2024-04-14_20-29-36;10339564
2;54;stop_command;2024-04-14_20-31-10;10339564
2;55;stop_command;2024-04-14_20-32-43;10339564
2;56;load_command;2024-04-14_20-33-46;11222980
2;56;stop_command;2024-04-14_20-34-18;10339564
2;57;stop_command;2024-04-14_20-35-52;10339564
2;58;stop_command;2024-04-14_20-37-25;10339564
2;59;load_command;2024-04-14_20-38-28;11236044
2;59;stop_command;2024-04-14_20-39-00;10339568
2;60;stop_command;2024-04-14_20-40-34;10339568
2;61;stop_command;2024-04-14_20-42-07;10339568
2;62;stop_command;2024-04-14_20-43-41;10339568
2;63;stop_command;2024-04-14_20-45-15;10339568
2;64;stop_command;2024-04-14_20-46-48;10339568
2;65;stop_command;2024-04-14_20-48-22;10339568
2;66;stop_command;2024-04-14_20-49-56;10339568
2;67;stop_command;2024-04-14_20-51-29;10339568
2;68;stop_command;2024-04-14_20-53-03;10339568
2;69;load_command;2024-04-14_20-54-05;11111888
2;69;stop_command;2024-04-14_20-54-38;10339568
2;70;stop_command;2024-04-14_20-56-11;10339568
2;71;stop_command;2024-04-14_20-57-45;10339568
2;72;stop_command;2024-04-14_20-59-19;10339568
2;73;stop_command;2024-04-14_21-00-52;10339568
2;74;stop_command;2024-04-14_21-02-26;10339568
2;75;load_command;2024-04-14_21-03-28;11111888
2;75;stop_command;2024-04-14_21-04-01;10339568
2;76;stop_command;2024-04-14_21-05-34;10339568
2;77;stop_command;2024-04-14_21-07-08;10339568
2;78;stop_command;2024-04-14_21-08-42;10339568
2;79;load_command;2024-04-14_21-09-44;11111888
2;79;stop_command;2024-04-14_21-10-15;10339568
2;80;stop_command;2024-04-14_21-11-49;10339568
2;81;stop_command;2024-04-14_21-13-23;10339568
2;82;stop_command;2024-04-14_21-14-56;10339568
2;83;stop_command;2024-04-14_21-16-30;10339568
2;84;stop_command;2024-04-14_21-18-04;10339568
2;85;load_command;2024-04-14_21-19-06;11111888
2;85;stop_command;2024-04-14_21-19-38;10339568
2;86;stop_command;2024-04-14_21-21-12;10339568
2;87;load_command;2024-04-14_21-22-14;11111888
2;87;stop_command;2024-04-14_21-22-47;10339568
2;88;stop_command;2024-04-14_21-24-20;10339568
2;89;load_command;2024-04-14_21-25-23;11236044
2;89;stop_command;2024-04-14_21-25-55;10339568
2;90;stop_command;2024-04-14_21-27-29;10339568
2;91;stop_command;2024-04-14_21-29-02;10339568
2;92;load_command;2024-04-14_21-30-05;11111888
2;92;stop_command;2024-04-14_21-30-36;10339568
2;93;stop_command;2024-04-14_21-32-10;10339568
2;94;stop_command;2024-04-14_21-33-43;10339568
2;95;stop_command;2024-04-14_21-35-17;10339568
2;96;stop_command;2024-04-14_21-36-51;10339568
2;97;stop_command;2024-04-14_21-38-24;10339568
2;98;stop_command;2024-04-14_21-39-58;10339568
2;99;stop_command;2024-04-14_21-41-32;10339576
2;100;stop_command;2024-04-14_21-43-05;10339576
4;1;load_command;2024-04-14_21-44-07;11111896
4;1;stop_command;2024-04-14_21-44-40;10340032
4;2;stop_command;2024-04-14_21-46-14;10340032
4;3;load_command;2024-04-14_21-47-17;11111900
4;3;stop_command;2024-04-14_21-47-49;10340040
4;4;load_command;2024-04-14_21-48-52;11216408
4;4;stop_command;2024-04-14_21-49-24;10340040
4;5;load_command;2024-04-14_21-50-27;11111904
4;5;stop_command;2024-04-14_21-50-59;10340040
4;6;stop_command;2024-04-14_21-52-33;10340040
4;7;stop_command;2024-04-14_21-54-07;10340040
4;8;stop_command;2024-04-14_21-55-41;10340040
4;9;stop_command;2024-04-14_21-57-15;10340040
4;10;stop_command;2024-04-14_21-58-49;10340040
4;11;stop_command;2024-04-14_22-00-23;10340052
4;12;stop_command;2024-04-14_22-01-57;10340052
4;13;stop_command;2024-04-14_22-03-31;10340052
4;14;stop_command;2024-04-14_22-05-05;10340052
4;15;load_command;2024-04-14_22-06-07;11111916
4;15;stop_command;2024-04-14_22-06-40;10340052
4;16;stop_command;2024-04-14_22-08-14;10340052
4;17;load_command;2024-04-14_22-09-16;11111916
4;17;stop_command;2024-04-14_22-09-49;10340052
4;18;stop_command;2024-04-14_22-11-22;10340052
4;19;stop_command;2024-04-14_22-12-56;10340052
4;20;load_command;2024-04-14_22-13-59;11111916
4;20;stop_command;2024-04-14_22-14-31;10340052
4;21;stop_command;2024-04-14_22-16-05;10340052
4;22;stop_command;2024-04-14_22-17-39;10340052
4;23;stop_command;2024-04-14_22-19-13;10340052
4;24;stop_command;2024-04-14_22-20-47;10340052
4;25;stop_command;2024-04-14_22-22-21;10340052
4;26;load_command;2024-04-14_22-23-23;11111916
4;26;stop_command;2024-04-14_22-23-55;10340052
4;27;stop_command;2024-04-14_22-25-29;10340052
4;28;stop_command;2024-04-14_22-27-03;10340052
4;29;stop_command;2024-04-14_22-28-37;10340052
4;30;stop_command;2024-04-14_22-30-11;10340052
4;31;stop_command;2024-04-14_22-31-44;10340052
4;32;stop_command;2024-04-14_22-33-18;10340052
4;33;stop_command;2024-04-14_22-34-52;10340052
4;34;load_command;2024-04-14_22-35-54;11111916
4;34;stop_command;2024-04-14_22-36-27;10340052
4;35;stop_command;2024-04-14_22-38-01;10340052
4;36;stop_command;2024-04-14_22-39-35;10340052
4;37;stop_command;2024-04-14_22-41-09;10340052
4;38;load_command;2024-04-14_22-42-11;11111916
4;38;stop_command;2024-04-14_22-42-44;10340052
4;39;stop_command;2024-04-14_22-44-18;10340052
4;40;load_command;2024-04-14_22-45-20;11111916
4;40;stop_command;2024-04-14_22-45-53;10340052
4;41;load_command;2024-04-14_22-46-55;11236072
4;41;stop_command;2024-04-14_22-47-28;10340052
4;42;stop_command;2024-04-14_22-49-02;10340052
4;43;load_command;2024-04-14_22-50-04;11189636
4;43;stop_command;2024-04-14_22-50-37;10340052
4;44;stop_command;2024-04-14_22-52-11;10340052
4;45;stop_command;2024-04-14_22-53-45;10340052
4;46;stop_command;2024-04-14_22-55-19;10340052
4;47;stop_command;2024-04-14_22-56-53;10340056
4;48;load_command;2024-04-14_22-57-55;11236076
4;48;stop_command;2024-04-14_22-58-28;10340056
4;49;stop_command;2024-04-14_23-00-02;10340056
4;50;stop_command;2024-04-14_23-01-35;10340056
4;51;stop_command;2024-04-14_23-03-09;10340056
4;52;stop_command;2024-04-14_23-04-43;10340056
4;53;stop_command;2024-04-14_23-06-17;10340056
4;54;load_command;2024-04-14_23-07-19;11111924
4;54;stop_command;2024-04-14_23-07-52;10340060
4;55;stop_command;2024-04-14_23-09-26;10340060
4;56;load_command;2024-04-14_23-10-28;11192792
4;56;stop_command;2024-04-14_23-11-01;10340060
4;57;stop_command;2024-04-14_23-12-35;10340060
4;58;load_command;2024-04-14_23-13-37;11111924
4;58;stop_command;2024-04-14_23-14-10;10340060
4;59;stop_command;2024-04-14_23-15-44;10340060
4;60;stop_command;2024-04-14_23-17-18;10340060
4;61;stop_command;2024-04-14_23-18-52;10340060
4;62;stop_command;2024-04-14_23-20-25;10340060
4;63;stop_command;2024-04-14_23-21-59;10348256
4;64;stop_command;2024-04-14_23-23-33;10348256
4;65;stop_command;2024-04-14_23-25-07;10348256
4;66;stop_command;2024-04-14_23-26-41;10348256
4;67;stop_command;2024-04-14_23-28-15;10348256
4;68;load_command;2024-04-14_23-29-17;11120120
4;68;stop_command;2024-04-14_23-29-50;10348256
4;69;stop_command;2024-04-14_23-31-24;10348256
4;70;load_command;2024-04-14_23-32-26;11120120
4;70;stop_command;2024-04-14_23-32-59;10348256
4;71;stop_command;2024-04-14_23-34-33;10348256
4;72;load_command;2024-04-14_23-35-35;11120120
4;72;stop_command;2024-04-14_23-36-08;10348256
4;73;stop_command;2024-04-14_23-37-42;10348256
4;74;stop_command;2024-04-14_23-39-16;10348256
4;75;load_command;2024-04-14_23-40-18;11120124
4;75;stop_command;2024-04-14_23-40-51;10348260
4;76;load_command;2024-04-14_23-41-53;11195472
4;76;stop_command;2024-04-14_23-42-26;10348260
4;77;stop_command;2024-04-14_23-44-00;10348260
4;78;stop_command;2024-04-14_23-45-33;10348260
4;79;stop_command;2024-04-14_23-47-07;10348260
4;80;load_command;2024-04-14_23-48-10;11120132
4;80;stop_command;2024-04-14_23-48-42;10348268
4;81;stop_command;2024-04-14_23-50-16;10348268
4;82;stop_command;2024-04-14_23-51-50;10348268
4;83;stop_command;2024-04-14_23-53-24;10348268
4;84;load_command;2024-04-14_23-54-26;11120132
4;84;stop_command;2024-04-14_23-54-59;10348268
4;85;stop_command;2024-04-14_23-56-33;10348268
4;86;stop_command;2024-04-14_23-58-07;10348268
4;87;stop_command;2024-04-14_23-59-41;10348268
4;88;stop_command;2024-04-15_00-01-15;10348884
4;89;stop_command;2024-04-15_00-02-49;10348884
4;90;load_command;2024-04-15_00-03-51;11120748
4;90;stop_command;2024-04-15_00-04-24;10348884
4;91;load_command;2024-04-15_00-05-26;11120748
4;91;stop_command;2024-04-15_00-05-59;10348884
4;92;stop_command;2024-04-15_00-07-33;10348884
4;93;stop_command;2024-04-15_00-09-07;10348888
4;94;load_command;2024-04-15_00-10-09;11120752
4;94;stop_command;2024-04-15_00-10-42;10348888
4;95;stop_command;2024-04-15_00-12-15;10348888
4;96;stop_command;2024-04-15_00-13-49;10348888
4;97;stop_command;2024-04-15_00-15-23;10348888
4;98;stop_command;2024-04-15_00-16-57;10348888
4;99;stop_command;2024-04-15_00-18-31;10348888
4;100;load_command;2024-04-15_00-19-33;11160488
4;100;stop_command;2024-04-15_00-20-06;10348888
8;1;start_command;2024-04-15_00-21-09;10349276
8;1;stop_command;2024-04-15_00-21-41;10349804
8;2;start_command;2024-04-15_00-22-45;10349260
8;2;stop_command;2024-04-15_00-23-17;10349808
8;3;load_command;2024-04-15_00-24-19;11120760
8;3;start_command;2024-04-15_00-24-21;10349232
8;3;stop_command;2024-04-15_00-24-53;10349808
8;4;start_command;2024-04-15_00-25-56;10349320
8;4;stop_command;2024-04-15_00-26-29;10349808
8;5;start_command;2024-04-15_00-27-32;10349400
8;5;stop_command;2024-04-15_00-28-04;10349808
8;6;load_command;2024-04-15_00-29-06;11120760
8;6;start_command;2024-04-15_00-29-08;10349416
8;6;stop_command;2024-04-15_00-29-40;10349808
8;7;load_command;2024-04-15_00-30-43;11120760
8;7;start_command;2024-04-15_00-30-44;10349408
8;7;stop_command;2024-04-15_00-31-16;10349808
8;8;start_command;2024-04-15_00-32-19;10349416
8;8;stop_command;2024-04-15_00-32-51;10349808
8;9;start_command;2024-04-15_00-33-54;10349408
8;9;stop_command;2024-04-15_00-34-27;10349808
8;10;start_command;2024-04-15_00-35-30;10349400
8;10;stop_command;2024-04-15_00-36-02;10349808
8;11;start_command;2024-04-15_00-37-05;10349400
8;11;stop_command;2024-04-15_00-37-37;10349808
8;12;start_command;2024-04-15_00-38-41;10349392
8;12;stop_command;2024-04-15_00-39-13;10349808
8;13;load_command;2024-04-15_00-40-15;11120760
8;13;start_command;2024-04-15_00-40-16;10349324
8;13;stop_command;2024-04-15_00-40-48;10349808
8;14;load_command;2024-04-15_00-41-51;11244916
8;14;start_command;2024-04-15_00-41-53;10349488
8;14;stop_command;2024-04-15_00-42-25;10349808
8;15;load_command;2024-04-15_00-43-27;11120764
8;15;start_command;2024-04-15_00-43-29;10349228
8;15;stop_command;2024-04-15_00-44-01;10349812
8;16;start_command;2024-04-15_00-45-05;10349360
8;16;stop_command;2024-04-15_00-45-37;10349812
8;17;start_command;2024-04-15_00-46-40;10349380
8;17;stop_command;2024-04-15_00-47-12;10349812
8;18;load_command;2024-04-15_00-48-14;11120764
8;18;start_command;2024-04-15_00-48-16;10349208
8;18;stop_command;2024-04-15_00-48-48;10349812
8;19;load_command;2024-04-15_00-49-51;11120764
8;19;start_command;2024-04-15_00-49-52;10349324
8;19;stop_command;2024-04-15_00-50-24;10349812
8;20;load_command;2024-04-15_00-51-26;11120764
8;20;start_command;2024-04-15_00-51-28;10349412
8;20;stop_command;2024-04-15_00-52-00;10349812
8;21;start_command;2024-04-15_00-53-04;10349268
8;21;stop_command;2024-04-15_00-53-36;10349812
8;22;load_command;2024-04-15_00-54-38;11120764
8;22;start_command;2024-04-15_00-54-40;10349236
8;22;stop_command;2024-04-15_00-55-12;10349816
8;23;load_command;2024-04-15_00-56-14;11120768
8;23;start_command;2024-04-15_00-56-16;10349424
8;23;stop_command;2024-04-15_00-56-49;10349816
8;24;load_command;2024-04-15_00-57-51;11120768
8;24;start_command;2024-04-15_00-57-52;10349388
8;24;stop_command;2024-04-15_00-58-24;10349816
8;25;load_command;2024-04-15_00-59-26;11120772
8;25;start_command;2024-04-15_00-59-28;10349404
8;25;stop_command;2024-04-15_01-00-00;10349820
8;26;start_command;2024-04-15_01-01-04;10349420
8;26;stop_command;2024-04-15_01-01-36;10349820
8;27;load_command;2024-04-15_01-02-38;11120772
8;27;start_command;2024-04-15_01-02-40;10349368
8;27;stop_command;2024-04-15_01-03-12;10349824
8;28;start_command;2024-04-15_01-04-16;10349248
8;28;stop_command;2024-04-15_01-04-48;10349824
8;29;load_command;2024-04-15_01-05-50;11120776
8;29;start_command;2024-04-15_01-05-52;10349464
8;29;stop_command;2024-04-15_01-06-24;10349824
8;30;start_command;2024-04-15_01-07-27;10349488
8;30;stop_command;2024-04-15_01-07-59;10349824
8;31;start_command;2024-04-15_01-09-03;10349480
8;31;stop_command;2024-04-15_01-09-35;10349824
8;32;load_command;2024-04-15_01-10-37;11120776
8;32;start_command;2024-04-15_01-10-39;10349336
8;32;stop_command;2024-04-15_01-11-11;10349824
8;33;start_command;2024-04-15_01-12-14;10349344
8;33;stop_command;2024-04-15_01-12-47;10349824
8;34;load_command;2024-04-15_01-13-49;11120776
8;34;start_command;2024-04-15_01-13-51;10349424
8;34;stop_command;2024-04-15_01-14-23;10349824
8;35;load_command;2024-04-15_01-15-25;11120776
8;35;start_command;2024-04-15_01-15-27;10349424
8;35;stop_command;2024-04-15_01-15-59;10349824
8;36;load_command;2024-04-15_01-17-02;11120776
8;36;start_command;2024-04-15_01-17-04;10349328
8;36;stop_command;2024-04-15_01-17-36;10349824
8;37;start_command;2024-04-15_01-18-39;10349416
8;37;stop_command;2024-04-15_01-19-11;10349824
8;38;start_command;2024-04-15_01-20-14;10349248
8;38;stop_command;2024-04-15_01-20-47;10349824
8;39;start_command;2024-04-15_01-21-50;10349424
8;39;stop_command;2024-04-15_01-22-22;10349824
8;40;start_command;2024-04-15_01-23-25;10349320
8;40;stop_command;2024-04-15_01-23-57;10349824
8;41;load_command;2024-04-15_01-25-00;11120776
8;41;start_command;2024-04-15_01-25-02;10349340
8;41;stop_command;2024-04-15_01-25-34;10349824
8;42;start_command;2024-04-15_01-26-37;10349248
8;42;stop_command;2024-04-15_01-27-09;10349824
8;43;load_command;2024-04-15_01-28-12;11120776
8;43;start_command;2024-04-15_01-28-14;10349416
8;43;stop_command;2024-04-15_01-28-46;10349824
8;44;start_command;2024-04-15_01-29-49;10349320
8;44;stop_command;2024-04-15_01-30-21;10349824
8;45;load_command;2024-04-15_01-31-23;11120776
8;45;start_command;2024-04-15_01-31-25;10349456
8;45;stop_command;2024-04-15_01-31-58;10349824
8;46;start_command;2024-04-15_01-33-01;10349248
8;46;stop_command;2024-04-15_01-33-33;10349828
8;47;load_command;2024-04-15_01-34-35;11120780
8;47;start_command;2024-04-15_01-34-37;10349440
8;47;stop_command;2024-04-15_01-35-09;10349828
8;48;load_command;2024-04-15_01-36-12;11209768
8;48;start_command;2024-04-15_01-36-14;10357612
8;48;stop_command;2024-04-15_01-36-46;10358020
8;49;start_command;2024-04-15_01-37-49;10357700
8;49;stop_command;2024-04-15_01-38-21;10358020
8;50;load_command;2024-04-15_01-39-24;11128972
8;50;start_command;2024-04-15_01-39-26;10357660
8;50;stop_command;2024-04-15_01-39-58;10358020
8;51;start_command;2024-04-15_01-41-01;10357428
8;51;stop_command;2024-04-15_01-41-33;10358020
8;52;start_command;2024-04-15_01-42-36;10357524
8;52;stop_command;2024-04-15_01-43-09;10358020
8;53;start_command;2024-04-15_01-44-12;10357652
8;53;stop_command;2024-04-15_01-44-44;10358024
8;54;start_command;2024-04-15_01-45-47;10357440
8;54;stop_command;2024-04-15_01-46-19;10358024
8;55;start_command;2024-04-15_01-47-22;10357448
8;55;stop_command;2024-04-15_01-47-55;10358024
8;56;start_command;2024-04-15_01-48-58;10357568
8;56;stop_command;2024-04-15_01-49-30;10358024
8;57;start_command;2024-04-15_01-50-33;10357440
8;57;stop_command;2024-04-15_01-51-05;10358024
8;58;start_command;2024-04-15_01-52-09;10357520
8;58;stop_command;2024-04-15_01-52-41;10358024
8;59;start_command;2024-04-15_01-53-44;10357460
8;59;stop_command;2024-04-15_01-54-16;10358024
8;60;load_command;2024-04-15_01-55-19;11208040
8;60;start_command;2024-04-15_01-55-21;10357440
8;60;stop_command;2024-04-15_01-55-53;10358024
8;61;start_command;2024-04-15_01-56-56;10357612
8;61;stop_command;2024-04-15_01-57-28;10358028
8;62;load_command;2024-04-15_01-58-30;11128980
8;62;start_command;2024-04-15_01-58-32;10357164
8;62;stop_command;2024-04-15_01-59-05;10358028
8;63;start_command;2024-04-15_02-00-08;10357520
8;63;stop_command;2024-04-15_02-00-40;10358028
8;64;start_command;2024-04-15_02-01-43;10357620
8;64;stop_command;2024-04-15_02-02-15;10358028
8;65;start_command;2024-04-15_02-03-19;10357636
8;65;stop_command;2024-04-15_02-03-51;10358028
8;66;start_command;2024-04-15_02-04-54;10357616
8;66;stop_command;2024-04-15_02-05-26;10358032
8;67;start_command;2024-04-15_02-06-29;10357488
8;67;stop_command;2024-04-15_02-07-01;10358032
8;68;start_command;2024-04-15_02-08-05;10357440
8;68;stop_command;2024-04-15_02-08-37;10358032
8;69;start_command;2024-04-15_02-09-40;10357592
8;69;stop_command;2024-04-15_02-10-12;10358032
8;70;start_command;2024-04-15_02-11-16;10357672
8;70;stop_command;2024-04-15_02-11-48;10358032
8;71;start_command;2024-04-15_02-12-51;10357544
8;71;stop_command;2024-04-15_02-13-23;10358032
8;72;start_command;2024-04-15_02-14-26;10357632
8;72;stop_command;2024-04-15_02-14-59;10358032
8;73;start_command;2024-04-15_02-16-02;10357600
8;73;stop_command;2024-04-15_02-16-34;10358032
8;74;load_command;2024-04-15_02-17-36;11128992
8;74;start_command;2024-04-15_02-17-38;10357636
8;74;stop_command;2024-04-15_02-18-10;10358036
8;75;start_command;2024-04-15_02-19-14;10357548
8;75;stop_command;2024-04-15_02-19-46;10358036
8;76;start_command;2024-04-15_02-20-49;10357364
8;76;stop_command;2024-04-15_02-21-21;10358036
8;77;start_command;2024-04-15_02-22-24;10357628
8;77;stop_command;2024-04-15_02-22-56;10358036
8;78;load_command;2024-04-15_02-23-59;11128988
8;78;start_command;2024-04-15_02-24-00;10357716
8;78;stop_command;2024-04-15_02-24-32;10358036
8;79;start_command;2024-04-15_02-25-35;10357460
8;79;stop_command;2024-04-15_02-26-07;10358036
8;80;start_command;2024-04-15_02-27-11;10357620
8;80;stop_command;2024-04-15_02-27-43;10358036
8;81;load_command;2024-04-15_02-28-45;11253144
8;81;start_command;2024-04-15_02-28-47;10357548
8;81;stop_command;2024-04-15_02-29-19;10358036
8;82;load_command;2024-04-15_02-30-21;11128988
8;82;start_command;2024-04-15_02-30-22;10357484
8;82;stop_command;2024-04-15_02-30-54;10358040
8;83;start_command;2024-04-15_02-31-58;10357544
8;83;stop_command;2024-04-15_02-32-30;10358040
8;84;start_command;2024-04-15_02-33-33;10357668
8;84;stop_command;2024-04-15_02-34-05;10358040
8;85;load_command;2024-04-15_02-35-08;11205728
8;85;start_command;2024-04-15_02-35-10;10357456
8;85;stop_command;2024-04-15_02-35-42;10358040
8;86;start_command;2024-04-15_02-36-45;10357544
8;86;stop_command;2024-04-15_02-37-17;10358040
8;87;start_command;2024-04-15_02-38-20;10357512
8;87;stop_command;2024-04-15_02-38-52;10358040
8;88;load_command;2024-04-15_02-39-55;11239212
8;88;start_command;2024-04-15_02-39-57;10357632
8;88;stop_command;2024-04-15_02-40-29;10358040
8;89;start_command;2024-04-15_02-41-32;10357632
8;89;stop_command;2024-04-15_02-42-04;10358040
8;90;start_command;2024-04-15_02-43-08;10357456
8;90;stop_command;2024-04-15_02-43-40;10358040
8;91;load_command;2024-04-15_02-44-42;11128992
8;91;start_command;2024-04-15_02-44-43;10357464
8;91;stop_command;2024-04-15_02-45-15;10358040
8;92;start_command;2024-04-15_02-46-19;10357456
8;92;stop_command;2024-04-15_02-46-51;10358040
8;93;start_command;2024-04-15_02-47-54;10357632
8;93;stop_command;2024-04-15_02-48-26;10358040
8;94;load_command;2024-04-15_02-49-28;11128992
8;94;start_command;2024-04-15_02-49-30;10357548
8;94;stop_command;2024-04-15_02-50-03;10358040
8;95;start_command;2024-04-15_02-51-06;10357632
8;95;stop_command;2024-04-15_02-51-38;10358040
8;96;load_command;2024-04-15_02-52-40;11128992
8;96;start_command;2024-04-15_02-52-42;10357632
8;96;stop_command;2024-04-15_02-53-14;10358040
8;97;load_command;2024-04-15_02-54-17;11253148
8;97;start_command;2024-04-15_02-54-19;10357600
8;97;stop_command;2024-04-15_02-54-51;10358040
8;98;start_command;2024-04-15_02-55-54;10357464
8;98;stop_command;2024-04-15_02-56-26;10358040
8;99;start_command;2024-04-15_02-57-30;10357588
8;99;stop_command;2024-04-15_02-58-02;10358044
8;100;load_command;2024-04-15_02-59-04;11197364
8;100;start_command;2024-04-15_02-59-06;10357600
8;100;stop_command;2024-04-15_02-59-38;10358048
