concurrency,count,load_time,instantiate_time,stop_time,container_removal_time,image_removal_time,image_size,display_date
1,1,3481718511,9609256669,2072949590,585202300,93298921,500,2024-04-17 07:52:38
1,2,3529343802,9551037674,2033435131,559925317,125034391,500,2024-04-17 07:54:25
1,3,3415208317,9386485985,1996114260,576662892,87677810,500,2024-04-17 07:56:12
1,4,3373476731,9411126301,2023350137,562898592,127307593,500,2024-04-17 07:57:58
1,5,3445334737,9477993709,1988981186,566976317,86517532,500,2024-04-17 07:59:45
1,6,3327219457,9511149390,2000216106,565770939,88137140,500,2024-04-17 08:01:32
1,7,3462708712,9594517910,2052074543,572410851,88371136,500,2024-04-17 08:03:19
1,8,3406291483,9522407796,2056709402,561720685,94213379,500,2024-04-17 08:05:06
1,9,3342160855,9428618145,2064136607,572484030,123951077,500,2024-04-17 08:06:53
1,10,3445505916,9562725896,2026777890,599218358,88399725,500,2024-04-17 08:08:40
1,11,3410404260,9614822127,2048273551,580834577,89771961,500,2024-04-17 08:10:27
1,12,3334229180,9632581020,2081251447,592348562,90487120,500,2024-04-17 08:12:14
1,13,3342074738,9576227018,1970949850,574670357,89415355,500,2024-04-17 08:14:00
1,14,3364326203,9550384291,2034803133,563768593,89095181,500,2024-04-17 08:15:47
1,15,3428621123,9457719173,2056225431,563520055,101987114,500,2024-04-17 08:17:34
1,16,3492579139,9546335153,2128591410,595674148,87811353,500,2024-04-17 08:19:21
1,17,3389415769,9624034404,2069111755,584514293,88130399,500,2024-04-17 08:21:08
1,18,3349998579,9447913744,2054264207,665653425,89741304,500,2024-04-17 08:22:55
1,19,3342363109,9408251835,2017089078,578713015,89138930,500,2024-04-17 08:24:42
1,20,3333863440,9537884955,1985868199,594403480,94922700,500,2024-04-17 08:26:29
1,21,3511060474,9493295308,2079860417,562786891,91089061,500,2024-04-17 08:28:16
1,22,3465106972,9419713908,2037822545,598409405,90589706,500,2024-04-17 08:30:03
1,23,3404820121,9425573823,2056375458,572451031,89792378,500,2024-04-17 08:31:49
1,24,3384961814,9481791331,2050506903,562801079,108754754,500,2024-04-17 08:33:36
1,25,3562555759,9534891513,2123907311,609220551,119972518,500,2024-04-17 08:35:23
1,26,3404548484,9432030410,2055675927,586963843,120447409,500,2024-04-17 08:37:10
1,27,3335987162,9435451333,1943624170,590097741,94910218,500,2024-04-17 08:38:57
1,28,3387270764,9444681054,2031192782,570853735,86326490,500,2024-04-17 08:40:44
1,29,3415723404,9591279989,2064305793,564299912,102905879,500,2024-04-17 08:42:31
1,30,3415388219,9533389969,2034896535,560825851,85608249,500,2024-04-17 08:44:18
1,31,3394957129,9582517897,2084658183,584273325,94437691,500,2024-04-17 08:46:05
1,32,3334563512,9574905222,2019294721,574055889,97971628,500,2024-04-17 08:47:52
1,33,3407549802,9403449462,2088775776,567754385,90134391,500,2024-04-17 08:49:38
1,34,3364256574,9498026149,2058445407,564402007,110662647,500,2024-04-17 08:51:25
1,35,3382945351,9518448943,2040589994,572953108,108008595,500,2024-04-17 08:53:12
1,36,3472466177,9573786631,1962140762,591387267,124130690,500,2024-04-17 08:54:59
1,37,3354058047,9421300705,2092659078,572844468,89496430,500,2024-04-17 08:56:46
1,38,3527223233,9548317865,1993309807,600484420,121473786,500,2024-04-17 08:58:33
1,39,3387881052,9453875605,2054524520,574134180,92803731,500,2024-04-17 09:00:20
1,40,3358683900,9406252499,2035976059,574948662,87064756,500,2024-04-17 09:02:07
1,41,3339154306,9489899502,2038771584,577575048,98639029,500,2024-04-17 09:03:54
1,42,3403016802,9445974047,2057485792,566497742,96251091,500,2024-04-17 09:05:40
1,43,3373213009,9389639922,2012310205,580875468,121932278,500,2024-04-17 09:07:27
1,44,3412258544,9420658417,2163125879,574558739,89151209,500,2024-04-17 09:09:14
1,45,3371830089,9589335618,2033130776,564382463,87537632,500,2024-04-17 09:11:01
1,46,3328781521,9522409186,2055148887,580786214,88082922,500,2024-04-17 09:12:48
1,47,3464548286,9423540687,2065184658,561811442,92380590,500,2024-04-17 09:14:35
1,48,3415384437,9559522019,2117048720,565339800,103205676,500,2024-04-17 09:16:22
1,49,3371724124,9490904052,2121345600,578811924,103295642,500,2024-04-17 09:18:09
1,50,3356639138,9477461191,2085432395,577058666,100540648,500,2024-04-17 09:19:56
1,51,3418764120,9398076865,2103354783,597902718,86713357,500,2024-04-17 09:21:43
1,52,3328962700,9593624884,2048837242,581012747,92061919,500,2024-04-17 09:23:30
1,53,3357133115,9430908641,2079514582,570425996,92337702,500,2024-04-17 09:25:17
1,54,3373512301,9489333752,2077741843,577521808,89411556,500,2024-04-17 09:27:03
1,55,3364414025,9552876716,2077201471,572298077,94734584,500,2024-04-17 09:28:50
1,56,3353140745,9472300407,2003826319,575097114,88284545,500,2024-04-17 09:30:37
1,57,3378504429,9415399275,2102907106,564325799,94087590,500,2024-04-17 09:32:24
1,58,3335394790,9613740256,2069758471,565572778,93058989,500,2024-04-17 09:34:11
1,59,3366270225,9501965530,2098750289,562477250,87887252,500,2024-04-17 09:35:58
1,60,3479886927,9573184397,2027001119,562844054,102931499,500,2024-04-17 09:37:45
1,61,3448665119,9455154891,2017862941,585089397,89345401,500,2024-04-17 09:39:32
1,62,3417315618,9485926075,1970066205,567735514,106551726,500,2024-04-17 09:41:19
1,63,3376093576,9555629410,2018182222,605419522,93446065,500,2024-04-17 09:43:05
1,64,3383110138,9577760182,2066664279,565525878,89696423,500,2024-04-17 09:44:52
1,65,3489381124,9631806864,1997934633,563305000,87563733,500,2024-04-17 09:46:39
1,66,3383076644,9556994110,2096299971,564934941,107134313,500,2024-04-17 09:48:26
1,67,3359227794,9450436385,2007628597,563477551,115464799,500,2024-04-17 09:50:13
1,68,3440652450,9454161556,2026704836,578996826,120375428,500,2024-04-17 09:52:00
1,69,3421414287,9536338621,2026393929,580208880,90134571,500,2024-04-17 09:53:47
1,70,3381710651,9626534550,2036670665,567060479,106613198,500,2024-04-17 09:55:34
1,71,3384192377,9491009173,2051383506,572600033,102908696,500,2024-04-17 09:57:21
1,72,3416121536,9477445697,2100574760,578021975,92175221,500,2024-04-17 09:59:07
1,73,3337520758,9452886039,2015523365,562095662,87990224,500,2024-04-17 10:00:54
1,74,3366704226,9460517538,1978124545,581366769,88802448,500,2024-04-17 10:02:41
1,75,3388449660,9440660652,1995455086,569511466,89516512,500,2024-04-17 10:04:28
1,76,3371305952,9496150936,2072429301,565123027,108360212,500,2024-04-17 10:06:15
1,77,3412250480,9634480700,2105241048,564767491,89023599,500,2024-04-17 10:08:02
1,78,3353848489,9582324304,1996552643,570421617,88054742,500,2024-04-17 10:09:49
1,79,3360354867,9504027575,2093655692,563265453,87634073,500,2024-04-17 10:11:36
1,80,3388094959,9440723203,2096046652,565820848,112406303,500,2024-04-17 10:13:23
1,81,3365814461,9369823971,2051645902,563414677,88612478,500,2024-04-17 10:15:09
1,82,3373847664,9435669229,2014461574,581546636,90145074,500,2024-04-17 10:16:56
1,83,3387851323,9427999588,2037175405,568465345,106649417,500,2024-04-17 10:18:43
1,84,3551536278,9505621400,2045425581,560969716,90077712,500,2024-04-17 10:20:30
1,85,3493197732,9507512185,2004771262,578267836,90279784,500,2024-04-17 10:22:17
1,86,3377213557,9809546203,2051256399,574958025,123093291,500,2024-04-17 10:24:04
1,87,3414249276,9449745289,2065026429,571532564,86494164,500,2024-04-17 10:25:51
1,88,3442827439,9424253751,2096207807,564723607,108747515,500,2024-04-17 10:27:38
1,89,3355929832,9533861893,2030074287,588683794,88969226,500,2024-04-17 10:29:25
1,90,3398605180,9425680821,2081698520,567282281,91420964,500,2024-04-17 10:31:11
1,91,3323013365,9598965400,2058934561,600153762,88816744,500,2024-04-17 10:32:58
1,92,3373365470,9579904278,2004270840,575064541,123909540,500,2024-04-17 10:34:45
1,93,3412288316,9564025893,2079610085,569054239,88533131,500,2024-04-17 10:36:32
1,94,3414470092,9578869270,2057772183,563281157,89788149,500,2024-04-17 10:38:19
1,95,3507983011,9478318134,2030109828,580657499,88544868,500,2024-04-17 10:40:06
1,96,3378094368,9448568983,2050712469,567776227,99330520,500,2024-04-17 10:41:53
1,97,3501426026,9638086802,2086923601,566854476,87827285,500,2024-04-17 10:43:40
1,98,3343479275,9610345585,2076093288,577193517,88497670,500,2024-04-17 10:45:27
1,99,3379684021,9524734832,2065220514,571189283,90062713,500,2024-04-17 10:47:13
1,100,3387756789,9448821915,2029868553,601520408,90588493,500,2024-04-17 10:49:00
2,1,3433336452,9896180529,2053454465,611748636,87563246,500,2024-04-17 10:50:47
2,2,3458751379,10007271420,2047344745,613849047,87257076,500,2024-04-17 10:52:34
2,3,3424676521,10004157803,2170346728,636802406,87514732,500,2024-04-17 10:54:21
2,4,3362964298,10039045812,2106851528,615805470,88136748,500,2024-04-17 10:56:08
2,5,3368945805,10106653120,2176648414,643216752,90771050,500,2024-04-17 10:57:55
2,6,3631370189,10045897486,2100579652,630260161,90236256,500,2024-04-17 10:59:42
2,7,3407444937,10036547635,2090467323,608278190,87117063,500,2024-04-17 11:01:29
2,8,3392840809,10048677169,2101137355,635992325,95189270,500,2024-04-17 11:03:16
2,9,4883883526,10520765191,2101101490,707780800,93591359,500,2024-04-17 11:05:05
2,10,3387721022,9971240367,2168638878,639083928,98239938,500,2024-04-17 11:06:52
2,11,4632457836,11069837955,2154208886,610311789,87898416,500,2024-04-17 11:08:40
2,12,4416695303,11267397929,2071559208,609175239,104239240,500,2024-04-17 11:10:30
2,13,3361126959,11545722266,2044204398,611191505,87236034,500,2024-04-17 11:12:19
2,14,3374727050,9978325268,2112247727,660106055,92959467,500,2024-04-17 11:14:06
2,15,3390335386,10052948802,2139302952,617452231,97584722,500,2024-04-17 11:15:53
2,16,3368223088,10037609711,2374836127,635873520,101808451,500,2024-04-17 11:17:40
2,17,3452763732,10065906631,2205066795,618289346,87635947,500,2024-04-17 11:19:27
2,18,3512580451,10100765112,2130434772,623830173,90550825,500,2024-04-17 11:21:14
2,19,3368706686,10030092128,2140229637,725488008,91678407,500,2024-04-17 11:23:01
2,20,3460727524,10049904601,2096403183,613634157,106175467,500,2024-04-17 11:24:48
2,21,3391619793,9996024831,2135956583,735133791,110265143,500,2024-04-17 11:26:35
2,22,3431590612,10050894047,2248634875,610573471,94086806,500,2024-04-17 11:28:22
2,23,3436798326,10064920739,2150630975,629617023,98698791,500,2024-04-17 11:30:09
2,24,3444807485,10000450639,2112009958,619459690,87389584,500,2024-04-17 11:31:56
2,25,3468137543,10127956231,2102319700,613605839,91044491,500,2024-04-17 11:33:43
2,26,3505406156,10093844475,2138400872,685538265,92747835,500,2024-04-17 11:35:30
2,27,3495874007,10135331021,2231466454,619913694,107123728,500,2024-04-17 11:37:18
2,28,3392312059,10034053543,2127153375,613752822,88890960,500,2024-04-17 11:39:05
2,29,3536437350,10075278742,2102517252,636030873,93446151,500,2024-04-17 11:40:52
2,30,3463298761,10069483920,2227192963,647409562,89801786,500,2024-04-17 11:42:39
2,31,3477558008,10061558930,2078743069,637348212,88521144,500,2024-04-17 11:44:26
2,32,3360394242,10127158712,2104281718,709465714,100577515,500,2024-04-17 11:46:13
2,33,3400103809,10364084577,2127536410,715714446,120282724,500,2024-04-17 11:48:00
2,34,3927846475,11314169491,2129970180,611591852,88467459,500,2024-04-17 11:49:49
2,35,3387370573,10024258778,2088616960,616329238,90430113,500,2024-04-17 11:51:36
2,36,3370684028,10035868474,2232218799,685837479,87210986,500,2024-04-17 11:53:23
2,37,3416459569,10030804136,2132690918,724945484,136918079,500,2024-04-17 11:55:11
2,38,3461348589,10036454602,2136726329,722762565,122458333,500,2024-04-17 11:56:58
2,39,4267705575,11365455056,2166956035,728300151,107794088,500,2024-04-17 11:58:47
2,40,3390155290,10076805912,2097887520,615084718,111653023,500,2024-04-17 12:00:34
2,41,3369333258,9880077514,2104777882,612061429,87722189,500,2024-04-17 12:02:21
2,42,3429785875,10054272279,2790075754,715343582,106448133,500,2024-04-17 12:04:09
2,43,3464556630,10010826811,2103677975,717225626,121559383,500,2024-04-17 12:05:56
2,44,4903511395,11408497093,2079611304,716362215,97825138,500,2024-04-17 12:07:46
2,45,4681603674,10701918717,2043792088,654939678,88287753,500,2024-04-17 12:09:34
2,46,3536307612,10060360389,2081149679,750512521,114902007,500,2024-04-17 12:11:21
2,47,3353818236,10080336058,2131174125,648746561,89810265,500,2024-04-17 12:13:08
2,48,4658108546,11116113865,2113032883,650242616,92620295,500,2024-04-17 12:14:57
2,49,3458164413,10091862166,2135956555,723114221,115026672,500,2024-04-17 12:16:44
2,50,3415846425,10013983065,2181148209,804200274,99425036,500,2024-04-17 12:18:31
2,51,4619028999,10518586726,2053021420,608782304,88619510,500,2024-04-17 12:20:19
2,52,4533354947,10757064279,2101482922,608048572,89702989,500,2024-04-17 12:22:07
2,53,4301863544,11389560818,2112208797,665566968,88256412,500,2024-04-17 12:23:57
2,54,4284670177,15106929589,2129680272,609926377,193930244,500,2024-04-17 12:25:49
2,55,4074850967,12080167689,2144871387,659452465,88407922,500,2024-04-17 12:27:38
2,56,4755376080,10612301741,2047524209,610560324,87754762,500,2024-04-17 12:29:26
2,57,3378393042,9991836044,2147415125,614894082,105145676,500,2024-04-17 12:31:13
2,58,3384660841,10077238732,2083421576,613730601,87839036,500,2024-04-17 12:33:00
2,59,3499746999,10138536491,2057349143,614981596,89456583,500,2024-04-17 12:34:47
2,60,3395063966,9990153041,2131574671,628804949,88682535,500,2024-04-17 12:36:34
2,61,3493332395,10087895570,2129809688,655035733,87864725,500,2024-04-17 12:38:21
2,62,3396226805,10047409796,2076000048,613316425,88042764,500,2024-04-17 12:40:08
2,63,3417659959,10037910853,2239061535,665550377,104958804,500,2024-04-17 12:41:55
2,64,3361533994,10244050338,2163946823,641187138,88098808,500,2024-04-17 12:43:43
2,65,3407284127,10058833132,2161320462,623433051,89192880,500,2024-04-17 12:45:30
2,66,3392913217,10080985609,2082569669,713967075,120235029,500,2024-04-17 12:47:17
2,67,4228461930,11282787345,2163370919,729855625,87740878,500,2024-04-17 12:49:06
2,68,4889092118,13058461350,2222174326,619618382,87031179,500,2024-04-17 12:50:57
2,69,4881818215,10797611325,2137545002,618660526,88268836,500,2024-04-17 12:52:46
2,70,3378954176,9994823798,2221434642,644172575,95550965,500,2024-04-17 12:54:33
2,71,4034054951,11650456048,2066770796,616149688,87535164,500,2024-04-17 12:56:22
2,72,4663329400,10630639913,2113779216,613676098,92269097,500,2024-04-17 12:58:10
2,73,3375663321,10090972468,2073316769,620110965,117071147,500,2024-04-17 12:59:57
2,74,3407126306,10145096735,2105634665,653723521,94517434,500,2024-04-17 13:01:44
2,75,3399604431,10043350299,2171298645,643649094,106387654,500,2024-04-17 13:03:31
2,76,3401366392,10078930020,2171206473,638984957,87822470,500,2024-04-17 13:05:18
2,77,4339170390,11678036011,2095725471,634413997,87506596,500,2024-04-17 13:07:07
2,78,3725228545,11867146509,2100348763,640821722,87964860,500,2024-04-17 13:08:57
2,79,4040048717,11863953733,2140716476,613862874,106854201,500,2024-04-17 13:10:46
2,80,3390422864,10009263049,2143984838,626580353,87302607,500,2024-04-17 13:12:33
2,81,3512925925,10086099655,2217152210,676443721,87496326,500,2024-04-17 13:14:20
2,82,3465139511,10044229982,2115064722,620275328,109814226,500,2024-04-17 13:16:07
2,83,3396418800,10011632488,2167930925,632171471,94351803,500,2024-04-17 13:17:54
2,84,3363399505,10010355089,2196830356,709229722,111523886,500,2024-04-17 13:19:41
2,85,3482984964,9966020427,2116785378,615336361,89569151,500,2024-04-17 13:21:28
2,86,3352657138,10419193050,2316024239,839926319,108349513,500,2024-04-17 13:23:16
2,87,3362037054,10016935087,2161077356,666685999,114725124,500,2024-04-17 13:25:03
2,88,3408433795,11377509346,2102802579,612917157,87534265,500,2024-04-17 13:26:52
2,89,4147998171,11281508333,2205920783,721133184,90214226,500,2024-04-17 13:28:41
2,90,3476758073,10033397133,2128291715,614258261,86992295,500,2024-04-17 13:30:28
2,91,3429329562,11617823846,2125554737,611093284,88285076,500,2024-04-17 13:32:17
2,92,3442722112,9974316121,2274976850,622783184,97066414,500,2024-04-17 13:34:05
2,93,4388310446,13688726152,2280061141,616989044,106325466,500,2024-04-17 13:35:56
2,94,3383553038,10067354289,2214425728,623874066,90333624,500,2024-04-17 13:37:43
2,95,3400932705,11226014589,2064800105,616732628,88467220,500,2024-04-17 13:39:32
2,96,3378345109,10045324930,2336327557,652807017,97244989,500,2024-04-17 13:41:19
2,97,3356367356,11700524833,2089295435,611902285,87948245,500,2024-04-17 13:43:08
2,98,3400736080,9997889061,2104053910,625763339,107103656,500,2024-04-17 13:44:55
2,99,3442832904,10138273320,2111991924,685575894,90412346,500,2024-04-17 13:46:43
2,100,3580282834,10122334800,2124478832,629409536,88825981,500,2024-04-17 13:48:30
4,1,3425721366,14675285915,2812123748,970370457,100942831,500,2024-04-17 13:50:22
4,2,3455996047,17871609159,2315954347,906161595,100177061,500,2024-04-17 13:52:18
4,3,4015695692,13622568887,2154342338,750394636,87927381,500,2024-04-17 13:54:09
4,4,3504277425,12157324539,2344948819,928931075,100414606,500,2024-04-17 13:55:59
4,5,3386961116,15599435897,2116659005,914675369,107764291,500,2024-04-17 13:57:52
4,6,3419197411,19094178488,2319751041,938412630,115321716,500,2024-04-17 13:59:49
4,7,3356230520,21779294332,2384542596,1223792918,144269331,500,2024-04-17 14:01:50
4,8,4357024212,12942471352,2228488596,749804933,88197051,500,2024-04-17 14:03:40
4,9,3445109502,12182807997,2332447447,953578842,88451766,500,2024-04-17 14:05:30
4,10,3395363367,14259011080,2401886495,970783047,100607446,500,2024-04-17 14:07:21
4,11,3419095522,17493807042,2318177884,895786977,98701860,500,2024-04-17 14:09:17
4,12,3430703153,17813809746,2341515130,1039352792,102929436,500,2024-04-17 14:11:14
4,13,3475098477,21390042100,2413298298,936424752,110515293,500,2024-04-17 14:13:13
4,14,4704801193,12537550711,2214091875,764597772,88630744,500,2024-04-17 14:15:04
4,15,3522124397,12504142622,2127971906,749663109,88979884,500,2024-04-17 14:16:53
4,16,3447215721,16263974112,2381879644,1094307702,119605321,500,2024-04-17 14:18:48
4,17,3424673633,17722913740,2262699179,983690985,98654614,500,2024-04-17 14:20:44
4,18,3525827173,20237656882,2398065504,1142727936,106889446,500,2024-04-17 14:22:43
4,19,4240621316,13133926780,2178514386,731585041,89196152,500,2024-04-17 14:24:33
4,20,3363804321,12328006223,2404428702,965734540,87901570,500,2024-04-17 14:26:23
4,21,3447024312,12398178417,2137970923,732945431,86677940,500,2024-04-17 14:28:12
4,22,3462792675,13816041728,2371196051,944946498,116815320,500,2024-04-17 14:30:04
4,23,3462665144,16784553295,2427208565,1020444775,103258908,500,2024-04-17 14:31:59
4,24,3425891059,18673241353,2247598063,914475167,110531716,500,2024-04-17 14:33:55
4,25,3488198904,22286240613,2355115687,941413592,100909289,500,2024-04-17 14:35:55
4,26,4700377504,12988217457,2236045389,714677295,89168760,500,2024-04-17 14:37:46
4,27,3442495128,11957993384,2171184129,938188189,87398808,500,2024-04-17 14:39:35
4,28,3396598461,12085613261,2175174493,730276854,89115935,500,2024-04-17 14:41:25
4,29,3373193686,12999940786,3904888472,931048456,107509857,500,2024-04-17 14:43:17
4,30,3382790907,14698996860,2164182535,979835531,99416447,500,2024-04-17 14:45:09
4,31,3486959354,17592820630,2493689950,959175034,108822758,500,2024-04-17 14:47:05
4,32,3475415942,20629665289,3899250159,1208740037,108599102,500,2024-04-17 14:49:05
4,33,4449333328,21510770789,2357650962,769638123,87770305,500,2024-04-17 14:51:05
4,34,3424149832,12028730838,2124620613,723128813,88938512,500,2024-04-17 14:52:55
4,35,3479789771,12338406476,2245976424,857238423,91681349,500,2024-04-17 14:54:44
4,36,3418637131,12021936090,2555405562,756428940,88950737,500,2024-04-17 14:56:34
4,37,3441830000,14182382311,4416517371,1016558617,97804931,500,2024-04-17 14:58:28
4,38,3514623010,13831554138,2586165584,966956002,100400555,500,2024-04-17 15:00:19
4,39,3399724631,14493244865,2858230636,1026726329,142997326,500,2024-04-17 15:02:13
4,40,3439400334,17509857753,2355774069,2025246501,130462779,500,2024-04-17 15:04:10
4,41,3384189858,23365094644,2515155496,1000547822,98633112,500,2024-04-17 15:06:12
4,42,4831570042,12500299868,2185454024,722507535,87041114,500,2024-04-17 15:08:02
4,43,3441388152,12026920563,2338638206,1080196331,90747843,500,2024-04-17 15:09:53
4,44,3390900809,12487254365,2442989722,1063657555,144167780,500,2024-04-17 15:11:44
4,45,3410565882,15269869808,2238416654,933852643,98731712,500,2024-04-17 15:13:38
4,46,3520718923,18727370953,2205191601,1149996815,105050233,500,2024-04-17 15:15:35
4,47,3376918036,19070505634,2429395854,1067419531,132204249,500,2024-04-17 15:17:32
4,48,4913708018,12593034497,2258966143,743547007,88425702,500,2024-04-17 15:19:23
4,49,3545364120,12820977762,2342116247,978953048,102869037,500,2024-04-17 15:21:13
4,50,3481207934,18365490047,2272531154,1033432517,128052262,500,2024-04-17 15:23:10
4,51,3397576400,22219048990,3461132290,1193722027,143871451,500,2024-04-17 15:25:13
4,52,4510090238,12926903322,2114510136,720791010,92561941,500,2024-04-17 15:27:03
4,53,3396998376,12200959130,2295455943,942317215,89498453,500,2024-04-17 15:28:53
4,54,3423237966,12026535656,2244169918,726082048,87696940,500,2024-04-17 15:30:42
4,55,3447803160,11901247528,2229667425,760664555,88181016,500,2024-04-17 15:32:31
4,56,3414452883,14724862528,2214120924,919777649,99460929,500,2024-04-17 15:34:23
4,57,3506012159,15541389344,2296206330,936829701,100947962,500,2024-04-17 15:36:17
4,58,3440988855,17559953041,2297205753,1062771280,105740316,500,2024-04-17 15:38:14
4,59,3382498250,22053112530,2431562706,950679684,100184127,500,2024-04-17 15:40:13
4,60,4535545406,12706313176,2294976804,739213572,88862518,500,2024-04-17 15:42:04
4,61,3409413975,12093491702,2321724109,760896310,102911682,500,2024-04-17 15:43:53
4,62,3539496539,13570355962,2219381929,944813480,114798880,500,2024-04-17 15:45:45
4,63,3386297791,17127740056,2331186372,925632343,103157637,500,2024-04-17 15:47:39
4,64,3396098510,19025863166,2376143468,997095177,102842061,500,2024-04-17 15:49:36
4,65,4396185875,13258448346,2216055534,796494198,87162610,500,2024-04-17 15:51:28
4,66,3431562590,19692616302,2165732580,942478642,104034533,500,2024-04-17 15:53:25
4,67,3356909282,19405032792,2435820933,891030420,100525012,500,2024-04-17 15:55:23
4,68,4832625522,12540757396,2228554370,940121567,99717519,500,2024-04-17 15:57:13
4,69,3413588655,22967823168,2340986464,1082645453,118019701,500,2024-04-17 15:59:15
4,70,4649283448,12921627312,2158157490,717741448,88709003,500,2024-04-17 16:01:06
4,71,3398645775,14346315971,2763321115,923615731,98350937,500,2024-04-17 16:02:58
4,72,3377318124,15592290338,2620492239,915404096,102999882,500,2024-04-17 16:04:52
4,73,3422525680,22619152949,2416090026,912979964,102081189,500,2024-04-17 16:06:52
4,74,4925360663,13175837850,2198387218,724013267,89520313,500,2024-04-17 16:08:43
4,75,3469211794,12331392234,2215195830,1007473001,90099354,500,2024-04-17 16:10:33
4,76,3611154811,12776320959,2210222038,907947887,107224294,500,2024-04-17 16:12:23
4,77,3395133149,17361586277,2321028926,922064688,119810372,500,2024-04-17 16:14:18
4,78,3474122565,19777375642,2272557157,996158766,103364006,500,2024-04-17 16:16:16
4,79,3503968000,21223121924,5058679572,1131598533,106068134,500,2024-04-17 16:18:18
4,80,4199963921,13283605326,2379887812,911217639,88616871,500,2024-04-17 16:20:10
4,81,3408581754,12099005393,2113302205,933765624,89174767,500,2024-04-17 16:22:00
4,82,3417836238,12317649665,2229128401,761496827,90207616,500,2024-04-17 16:23:49
4,83,3352796447,13068259567,2116178282,919071761,118051740,500,2024-04-17 16:25:39
4,84,3378630599,14893806135,2320782094,1166190502,104131396,500,2024-04-17 16:27:33
4,85,3372741541,19646241492,3267401162,1094923991,112177367,500,2024-04-17 16:29:33
4,86,3537810764,20878672501,2618460136,917424695,114091249,500,2024-04-17 16:31:32
4,87,4243383257,13517756572,2159238129,783112980,98096330,500,2024-04-17 16:33:23
4,88,3402929289,20034111656,2372208297,1182690911,108787719,500,2024-04-17 16:35:22
4,89,3393448589,18261949525,2318721173,1085748468,125409473,500,2024-04-17 16:37:19
4,90,4935146585,12831092898,2431907398,1023497613,104424143,500,2024-04-17 16:39:10
4,91,3482871288,12525664924,2167559731,740320110,100661317,500,2024-04-17 16:41:00
4,92,3386631364,16086022329,2429862640,924770213,98581467,500,2024-04-17 16:42:54
4,93,3414492640,19561744254,2268120740,929144676,98793541,500,2024-04-17 16:44:51
4,94,3510789008,21210408162,2270662419,922277411,102184788,500,2024-04-17 16:46:50
4,95,4530353710,17909897858,2195719565,764960861,89719289,500,2024-04-17 16:48:46
4,96,3373813366,12017786642,2206899038,1128066501,95000247,500,2024-04-17 16:50:36
4,97,3418574177,12118001876,2438962663,724056643,88391846,500,2024-04-17 16:52:26
4,98,3399366482,15213594076,2392917404,967469383,106399480,500,2024-04-17 16:54:18
4,99,3394857181,14661852053,2338073802,1043789092,137293840,500,2024-04-17 16:56:12
4,100,3402888049,17923053670,2321281122,942994039,99162100,500,2024-04-17 16:58:07
8,1,3355621636,82526586844,2819354952,1972060889,103010885,500,2024-04-17 17:01:10
8,2,4982037417,23983540043,2584100247,1425031021,131937197,500,2024-04-17 17:03:14
8,3,3413156403,45625374941,2560412062,1890550872,105297893,500,2024-04-17 17:05:38
8,4,3411242660,66858140183,2556812061,1602082290,121497318,500,2024-04-17 17:08:24
8,5,3431286639,70675700855,2572711722,1598024600,129304435,500,2024-04-17 17:11:14
8,6,3540383791,93740776385,2588840326,2033949134,102978973,500,2024-04-17 17:14:27
8,7,4582917727,24602886743,2521917743,1206663003,125181474,500,2024-04-17 17:16:31
8,8,3480463124,65977930020,2589883360,1909611686,136136223,500,2024-04-17 17:19:15
8,9,3567477261,71847903981,2648819337,1571197537,142792657,500,2024-04-17 17:22:06
8,10,3460343161,74793787786,2593841242,1589366115,122709943,500,2024-04-17 17:25:00
8,11,5448163864,46933367851,2786524000,1901066086,147975841,500,2024-04-17 17:27:28
8,12,3388284629,94435240907,2586756487,1588181559,107174218,500,2024-04-17 17:30:42
8,13,4535565022,34271009783,2528694468,1332108857,111623257,500,2024-04-17 17:32:56
8,14,3403308639,51570817355,2649058846,2058354885,120274418,500,2024-04-17 17:35:27
8,15,3397454568,65931416374,2519595441,1629554155,101738639,500,2024-04-17 17:38:11
8,16,3389831426,68262234261,2612623544,1609350056,104375490,500,2024-04-17 17:40:59
8,17,3444378948,93017006218,2653696290,1923660184,107336272,500,2024-04-17 17:44:12
8,18,5546500103,33974820816,2657577079,1656989934,145800479,500,2024-04-17 17:46:27
8,19,3551519912,86387234185,2667682560,1614152018,135435864,500,2024-04-17 17:49:32
8,20,3392222788,69158155854,2587942035,1596438994,105175325,500,2024-04-17 17:52:20
8,21,3419893611,97973830428,5875777607,1258825930,92185123,500,2024-04-17 17:55:41
8,22,4619371267,24848853215,2551513783,1198733481,104253153,500,2024-04-17 17:57:45
8,23,3432250302,56775783866,3251284688,1913679600,102812437,500,2024-04-17 18:00:22
8,24,3480156073,78101032277,2664807562,1561105150,138960593,500,2024-04-17 18:03:19
8,25,3445888042,70365173121,2794819336,1580848977,106534370,500,2024-04-17 18:06:09
8,26,3503830603,91204096398,2576878334,1632674039,111203397,500,2024-04-17 18:09:19
8,27,5405337055,35470952959,2485293093,1187937163,108150132,500,2024-04-17 18:11:36
8,28,3510997580,54276429152,2645509527,2168054865,112167964,500,2024-04-17 18:14:10
8,29,3504292495,94201570639,2690759489,1570197421,118642808,500,2024-04-17 18:17:23
8,30,3420826257,72966285371,2630566667,1612966280,109377908,500,2024-04-17 18:20:15
8,31,3417462798,96751691074,4033856950,1225041053,107224573,500,2024-04-17 18:23:33
8,32,5206361968,24140507542,2609902073,1215725040,95715979,500,2024-04-17 18:25:37
8,33,3419985523,58520083392,2761355909,2062796763,115533469,500,2024-04-17 18:28:15
8,34,3514942648,75427914344,2820385671,1258173867,93524893,500,2024-04-17 18:31:10
8,35,3413171496,69929241794,2695825995,1845651975,102491996,500,2024-04-17 18:33:59
8,36,3509179444,95928372057,2502724326,1607727269,111307906,500,2024-04-17 18:37:13
8,37,4953478456,24457623170,2457077132,1205508826,93276592,500,2024-04-17 18:39:17
8,38,3384703822,66924632555,2879678226,2051401410,114166921,500,2024-04-17 18:42:03
8,39,3528098633,79183181112,2727491909,1580931777,144090278,500,2024-04-17 18:45:02
8,40,3395538695,74695985387,2811936181,1997233153,120722500,500,2024-04-17 18:47:56
8,41,5478725895,36905370805,2564763218,1556769657,123034737,500,2024-04-17 18:50:13
8,42,3439175058,106610116504,2723131664,1605001022,136024351,500,2024-04-17 18:53:40
8,43,3493775826,86525223205,2636821801,1615863133,141713565,500,2024-04-17 18:56:46
8,44,4985492189,27052610957,2705352013,1614436368,102136821,500,2024-04-17 18:58:53
8,45,3393318848,97672351961,2721137718,1597551704,103641503,500,2024-04-17 19:02:10
8,46,3442022764,75412706567,2635506741,1584106513,124713042,500,2024-04-17 19:05:04
8,47,4223947760,35305780098,2519735267,1190792722,198782429,500,2024-04-17 19:07:18
8,48,3435560622,82981831696,2649128235,1634161253,124064580,500,2024-04-17 19:10:21
8,49,3374873354,81958378913,2654956370,1580436759,121502348,500,2024-04-17 19:13:21
8,50,3389733627,81911224849,2961153148,2193949491,99344349,500,2024-04-17 19:16:23
8,51,5376772513,33371819824,2401586165,1221775284,97236735,500,2024-04-17 19:18:37
8,52,3450941648,82033178358,2740874823,1584199144,123742858,500,2024-04-17 19:21:38
8,53,3433287188,80344167649,2662955199,1566148900,125392121,500,2024-04-17 19:24:38
8,54,3405934101,88553557913,3669727490,1974195286,147325514,500,2024-04-17 19:27:47
8,55,5059950818,34136904720,2552448901,1209685184,92123518,500,2024-04-17 19:30:02
8,56,3470956946,82335053999,2731117469,1567817977,107843861,500,2024-04-17 19:33:03
8,57,3385819912,83242588950,2763495536,1601337928,105576698,500,2024-04-17 19:36:05
8,58,3494978569,81639477909,2608581439,2117359350,107616691,500,2024-04-17 19:39:06
8,59,4399553020,25896115842,2635251864,1652686724,130173116,500,2024-04-17 19:41:12
8,60,3398015511,88902733043,2684386313,2063391336,108350168,500,2024-04-17 19:44:20
8,61,3391649917,75783941987,2673462230,1987049511,724246280,500,2024-04-17 19:47:15
8,62,5263424277,23706122898,2717155657,1725275604,124901242,500,2024-04-17 19:49:21
8,63,3511664818,93888334299,2690773284,1673046735,112230214,500,2024-04-17 19:52:33
8,64,3452760552,84736910208,2572688439,1611782834,135442349,500,2024-04-17 19:55:38
8,65,4977346804,52729276951,3242969908,2104954360,127790030,500,2024-04-17 19:58:12
8,66,3508399384,99948057878,2571066661,1598017502,111932664,500,2024-04-17 20:01:30
8,67,3464069386,23959942284,2493753531,1192845409,113759472,500,2024-04-17 20:03:34
8,68,3386344048,85445118125,2695121496,1608319804,135206983,500,2024-04-17 20:06:38
8,69,3442941188,96948711185,2622393747,1615942021,123605524,500,2024-04-17 20:09:54
8,70,3505466577,71813142462,2704202488,1926252436,123412307,500,2024-04-17 20:12:45
8,71,4931929638,35706635726,2655642872,1591889617,102926119,500,2024-04-17 20:15:01
8,72,3380281669,99051726267,2668807676,1623702566,112671080,500,2024-04-17 20:18:19
8,73,3435651052,87449541632,2709365806,2268233782,142186743,500,2024-04-17 20:21:26
8,74,3371580809,29218480135,2593404446,1633366505,108215714,500,2024-04-17 20:23:34
8,75,3421121859,99861681841,2814766068,1595250187,103775069,500,2024-04-17 20:26:53
8,76,5286053053,66656603214,2595952597,1612189390,135571371,500,2024-04-17 20:29:40
8,77,3581580463,105248842552,6898186302,1173746656,94722894,500,2024-04-17 20:33:09
8,78,5412897624,23997991732,2435206664,1208064715,92732781,500,2024-04-17 20:35:14
8,79,3434841846,47843021845,2723489698,2069495839,107790391,500,2024-04-17 20:37:41
8,80,3462558241,96512870653,2672772251,1890502408,130176501,500,2024-04-17 20:40:56
8,81,3479481565,87672161150,2691575058,1628072516,124921503,500,2024-04-17 20:44:03
8,82,3487052601,95438181224,5878457566,1615976311,138442274,500,2024-04-17 20:47:21
8,83,3894711505,23795259001,2485598187,1215003142,132517400,500,2024-04-17 20:49:24
8,84,3504514582,84291565885,2648022228,1571603361,143178333,500,2024-04-17 20:52:27
8,85,3552201669,89621261101,2554349471,1612199105,104778337,500,2024-04-17 20:55:36
8,86,3463706510,93673835082,3973447643,1190844024,90529382,500,2024-04-17 20:58:50
8,87,4916985461,32516610077,2543429266,1236773937,94050660,500,2024-04-17 21:01:02
8,88,3402284708,69006422032,2732861954,1812673995,128826916,500,2024-04-17 21:03:50
8,89,3433641455,89710264652,2509921494,1593274933,124695368,500,2024-04-17 21:06:59
8,90,3511121142,80348154469,2558309249,1621386541,101985506,500,2024-04-17 21:09:59
8,91,4950866222,51649422938,2622006164,2089305393,111192905,500,2024-04-17 21:12:30
8,92,3419842557,108024079629,4855273726,1611848096,142896723,500,2024-04-17 21:15:59
8,93,4462399032,24886637433,2516478921,1208725516,95043545,500,2024-04-17 21:18:03
8,94,3522241680,88380852295,2620523093,1622369137,141058309,500,2024-04-17 21:21:10
8,95,3450048776,83683087290,2576016824,1624312846,125510431,500,2024-04-17 21:24:13
8,96,3457304652,102373249131,5410336058,1190697422,93595946,500,2024-04-17 21:27:37
8,97,4833108342,25086678600,2611699915,1643995991,124576117,500,2024-04-17 21:29:42
8,98,3398336337,88289612132,2556154864,1579438705,101452560,500,2024-04-17 21:32:49
8,99,3480545531,71203987743,2698122497,1627071858,123655848,500,2024-04-17 21:35:39
8,100,3442538534,102809338624,4593451734,1259875462,113014064,500,2024-04-17 21:39:02
